gameSeconds,day,phase,route,status,fuel,cargo,resource,battery,aliveEnemies
108.99879010813311,1,Day,1220198cb2ab49bbaa6563d455e64f81,2,44.0,30.0,iron,198.3333332836628,0
110.14395753480494,1,Day,1220198cb2ab49bbaa6563d455e64f81,2,44.0,30.0,iron,192.60749615030363,0
111.14439007593319,1,Day,1220198cb2ab49bbaa6563d455e64f81,2,44.0,30.0,iron,187.6053334446624,0
112.14481536392123,1,Day,1220198cb2ab49bbaa6563d455e64f81,2,44.0,30.0,iron,182.6032070047222,0
113.14911786606535,1,Day,1220198cb2ab49bbaa6563d455e64f81,2,44.0,30.0,iron,177.58169449400157,0
114.15179032459855,1,Day,1220198cb2ab49bbaa6563d455e64f81,2,44.0,30.0,iron,172.56833220133558,0
115.15465914644301,1,Day,1220198cb2ab49bbaa6563d455e64f81,2,44.0,30.0,iron,167.5539880921133,0
116.15849864808843,1,Day,1220198cb2ab49bbaa6563d455e64f81,2,44.0,30.0,iron,162.5347905838862,0
117.16631102515385,1,Day,1220198cb2ab49bbaa6563d455e64f81,2,44.0,30.0,iron,157.4957286985591,0
118.17037214804441,1,Day,1220198cb2ab49bbaa6563d455e64f81,2,44.0,30.0,iron,152.4754230841063,0
119.17824411019683,1,Day,1220198cb2ab49bbaa6563d455e64f81,1,42.6,30.0,iron,147.4360632733442,0
120.18603764753789,1,Day,1220198cb2ab49bbaa6563d455e64f81,1,42.6,30.0,iron,142.3970955866389,0
121.18893452035263,1,Day,1220198cb2ab49bbaa6563d455e64f81,1,42.6,30.0,iron,137.38261122256517,0
122.19608227489516,1,Day,1220198cb2ab49bbaa6563d455e64f81,1,42.6,30.0,iron,132.34687244985253,0
123.20153265353292,1,Day,1220198cb2ab49bbaa6563d455e64f81,1,42.6,30.0,iron,127.31962055666372,0
124.20644649025053,1,Day,1220198cb2ab49bbaa6563d455e64f81,2,42.6,0.0,iron,122.2950513730757,0
125.207262030337,1,Day,1220198cb2ab49bbaa6563d455e64f81,2,42.6,0.0,iron,117.2909736726433,0
126.21354665234685,1,Day,1220198cb2ab49bbaa6563d455e64f81,2,42.6,0.0,iron,112.25955056259409,0
127.22141490224749,1,Day,1220198cb2ab49bbaa6563d455e64f81,2,42.6,0.0,iron,107.22020931309089,0
128.22414644341916,1,Day,1220198cb2ab49bbaa6563d455e64f81,2,42.6,0.0,iron,102.20655160723254,0
129.23205477837473,1,Day,1220198cb2ab49bbaa6563d455e64f81,2,42.6,0.0,iron,97.16700993245468,0
130.2379835722968,1,Day,1220198cb2ab49bbaa6563d455e64f81,2,42.6,0.0,iron,92.13736596284434,0
131.2439789492637,1,Day,1220198cb2ab49bbaa6563d455e64f81,2,42.6,0.0,iron,87.10738907800987,0
132.24890924291685,1,Day,1220198cb2ab49bbaa6563d455e64f81,2,42.6,0.0,iron,82.08273760974407,0
133.25573482597247,1,Day,1220198cb2ab49bbaa6563d455e64f81,2,42.6,0.0,iron,77.048609694466,0
134.2621987061575,1,Day,1220198cb2ab49bbaa6563d455e64f81,1,40.0,0.0,iron,72.0162902935408,0
135.10778700001538,1,Day,1220198cb2ab49bbaa6563d455e64f81,1,40.0,0.0,iron,67.78834882425144,0
136.27193875377998,1,Day,1220198cb2ab49bbaa6563d455e64f81,1,40.0,0.0,iron,61.967590055428445,0
137.27986662695184,1,Day,1220198cb2ab49bbaa6563d455e64f81,1,40.0,0.0,iron,56.927950689569116,0
138.28037350112572,1,Day,1220198cb2ab49bbaa6563d455e64f81,1,40.0,0.0,iron,51.92541631869972,0
139.28447025083005,1,Day,1220198cb2ab49bbaa6563d455e64f81,1,40.0,0.0,iron,46.90493257017806,0
140.28713899943978,1,Day,1220198cb2ab49bbaa6563d455e64f81,1,40.0,0.0,iron,41.89158882712945,0
141.29405812500045,1,Day,1220198cb2ab49bbaa6563d455e64f81,1,40.0,0.0,iron,36.8569931993261,0
142.2969101634808,1,Day,1220198cb2ab49bbaa6563d455e64f81,1,40.0,0.0,iron,31.84273300692439,0
143.30248337518424,1,Day,1220198cb2ab49bbaa6563d455e64f81,1,40.0,0.0,iron,26.814866948407143,0
144.30910379206762,1,Day,1220198cb2ab49bbaa6563d455e64f81,1,40.0,0.0,iron,21.781764863990247,0
145.3155434927903,1,Day,1220198cb2ab49bbaa6563d455e64f81,1,40.0,0.0,iron,16.749566360376775,0
146.32074390910566,1,Day,1220198cb2ab49bbaa6563d455e64f81,1,40.0,0.0,iron,11.72356427880004,0
147.32590678706765,1,Day,1220198cb2ab49bbaa6563d455e64f81,1,40.0,0.0,iron,6.697749888990074,0
148.32668070029467,1,Day,1220198cb2ab49bbaa6563d455e64f81,1,40.0,0.0,iron,1.693880322854966,0
149.3330641584471,1,Day,1220198cb2ab49bbaa6563d455e64f81,1,40.0,0.0,iron,0.0,0
150.3383957799524,1,Day,1220198cb2ab49bbaa6563d455e64f81,1,40.0,0.0,iron,0.0,0
151.33921727212146,1,Day,1220198cb2ab49bbaa6563d455e64f81,2,40.0,30.0,iron,0.0,0
152.34290219238028,1,Day,1220198cb2ab49bbaa6563d455e64f81,2,40.0,30.0,iron,0.0,0
153.3473290707916,1,Day,1220198cb2ab49bbaa6563d455e64f81,2,40.0,30.0,iron,0.0,0
154.35100869461894,1,Day,1220198cb2ab49bbaa6563d455e64f81,2,40.0,30.0,iron,0.0,0
155.353716108948,1,Day,1220198cb2ab49bbaa6563d455e64f81,2,40.0,30.0,iron,0.0,0
156.35534152761102,1,Day,1220198cb2ab49bbaa6563d455e64f81,2,40.0,30.0,iron,0.0,0
157.35986411198974,1,Day,1220198cb2ab49bbaa6563d455e64f81,2,40.0,30.0,iron,0.0,0
158.3612583973445,1,Day,1220198cb2ab49bbaa6563d455e64f81,2,40.0,30.0,iron,0.0,0
159.363180027809,1,Day,1220198cb2ab49bbaa6563d455e64f81,2,40.0,30.0,iron,0.0,0
160.3638261537999,1,Day,1220198cb2ab49bbaa6563d455e64f81,2,40.0,30.0,iron,0.0,0
161.3642484867014,1,Day,1220198cb2ab49bbaa6563d455e64f81,1,38.6,30.0,iron,0.0,0
162.36585748940706,1,Day,1220198cb2ab49bbaa6563d455e64f81,1,38.6,30.0,iron,0.0,0
163.37267382489517,1,Day,1220198cb2ab49bbaa6563d455e64f81,1,38.6,30.0,iron,0.0,0
164.3738552890718,1,Day,1220198cb2ab49bbaa6563d455e64f81,1,38.6,30.0,iron,0.0,0
165.37907575117424,1,Day,1220198cb2ab49bbaa6563d455e64f81,1,38.6,30.0,iron,0.0,0
166.37996758613735,1,Day,1220198cb2ab49bbaa6563d455e64f81,2,38.6,0.0,iron,0.0,0
167.38610742008314,1,Day,1220198cb2ab49bbaa6563d455e64f81,2,38.6,0.0,iron,0.0,0
168.38782750302926,1,Day,1220198cb2ab49bbaa6563d455e64f81,2,38.6,0.0,iron,0.0,0
169.38820433663204,1,Day,1220198cb2ab49bbaa6563d455e64f81,2,38.6,0.0,iron,0.0,0
170.3916346388869,1,Day,1220198cb2ab49bbaa6563d455e64f81,2,38.6,0.0,iron,0.0,0
171.39280864363536,1,Day,1220198cb2ab49bbaa6563d455e64f81,2,38.6,0.0,iron,0.0,0
172.3956257267855,1,Day,1220198cb2ab49bbaa6563d455e64f81,2,38.6,0.0,iron,0.0,0
173.39821017952636,1,Day,1220198cb2ab49bbaa6563d455e64f81,2,38.6,0.0,iron,0.0,0
174.40553630376235,1,Day,1220198cb2ab49bbaa6563d455e64f81,2,38.6,0.0,iron,0.0,0
175.40703218011186,1,Day,1220198cb2ab49bbaa6563d455e64f81,2,38.6,0.0,iron,0.0,0
176.41160980286077,1,Day,1220198cb2ab49bbaa6563d455e64f81,1,36.0,0.0,iron,0.0,0
177.41385002015159,1,Day,1220198cb2ab49bbaa6563d455e64f81,1,36.0,0.0,iron,0.0,0
178.41983710089698,1,Day,1220198cb2ab49bbaa6563d455e64f81,1,36.0,0.0,iron,0.0,0
179.42791810585186,1,Day,1220198cb2ab49bbaa6563d455e64f81,1,36.0,0.0,iron,0.0,0
180.42909202445298,1,Day,1220198cb2ab49bbaa6563d455e64f81,1,36.0,0.0,iron,0.0,0
181.43369298242033,1,Day,1220198cb2ab49bbaa6563d455e64f81,1,36.0,0.0,iron,0.0,0
182.43506519077346,1,Day,1220198cb2ab49bbaa6563d455e64f81,1,36.0,0.0,iron,0.0,0
183.43932277755812,1,Day,1220198cb2ab49bbaa6563d455e64f81,1,36.0,0.0,iron,0.0,0
184.44022898515686,1,Day,1220198cb2ab49bbaa6563d455e64f81,1,36.0,0.0,iron,0.0,0
185.4414086965844,1,Day,1220198cb2ab49bbaa6563d455e64f81,1,36.0,0.0,iron,0.0,0
186.44913377566263,1,Day,1220198cb2ab49bbaa6563d455e64f81,1,36.0,0.0,iron,0.0,0
187.45298607321456,1,Day,1220198cb2ab49bbaa6563d455e64f81,1,36.0,0.0,iron,0.0,0
188.4609432797879,1,Day,1220198cb2ab49bbaa6563d455e64f81,1,36.0,0.0,iron,0.0,0
189.46401823638007,1,Day,1220198cb2ab49bbaa6563d455e64f81,1,36.0,0.0,iron,0.0,0
190.46932552522048,1,Day,1220198cb2ab49bbaa6563d455e64f81,1,36.0,0.0,iron,0.0,0
191.47578460955992,1,Day,1220198cb2ab49bbaa6563d455e64f81,1,36.0,0.0,iron,0.0,0
192.48323956737295,1,Day,1220198cb2ab49bbaa6563d455e64f81,1,36.0,0.0,iron,0.0,0
193.48848305968568,1,Day,1220198cb2ab49bbaa6563d455e64f81,2,36.0,30.0,iron,0.0,0
194.48863273020834,1,Day,1220198cb2ab49bbaa6563d455e64f81,2,36.0,30.0,iron,0.0,0
195.49637227505445,1,Day,1220198cb2ab49bbaa6563d455e64f81,2,36.0,30.0,iron,0.0,0
196.49653106182814,1,Day,1220198cb2ab49bbaa6563d455e64f81,2,36.0,30.0,iron,0.0,0
197.50274719065055,1,Day,1220198cb2ab49bbaa6563d455e64f81,2,36.0,30.0,iron,0.0,0
198.50686877500266,1,Day,1220198cb2ab49bbaa6563d455e64f81,2,36.0,30.0,iron,0.0,0
199.50921002123505,1,Day,1220198cb2ab49bbaa6563d455e64f81,2,36.0,30.0,iron,0.0,0
200.51425601914525,1,Day,1220198cb2ab49bbaa6563d455e64f81,2,36.0,30.0,iron,0.0,0
201.52205315046012,1,Day,1220198cb2ab49bbaa6563d455e64f81,2,36.0,30.0,iron,0.0,0
202.52700998540968,1,Day,1220198cb2ab49bbaa6563d455e64f81,2,36.0,30.0,iron,0.0,0
203.52931494545192,1,Day,1220198cb2ab49bbaa6563d455e64f81,1,34.6,30.0,iron,0.0,0
204.5318589862436,1,Day,1220198cb2ab49bbaa6563d455e64f81,1,34.6,30.0,iron,0.0,0
205.5343139837496,1,Day,1220198cb2ab49bbaa6563d455e64f81,1,34.6,30.0,iron,0.0,0
206.53713902272284,1,Day,1220198cb2ab49bbaa6563d455e64f81,1,34.6,30.0,iron,0.0,0
207.5392528604716,1,Day,1220198cb2ab49bbaa6563d455e64f81,1,34.6,30.0,iron,0.0,0
208.5459893126972,1,Day,1220198cb2ab49bbaa6563d455e64f81,2,34.6,0.0,iron,0.0,0
209.54653451405466,1,Day,1220198cb2ab49bbaa6563d455e64f81,2,34.6,0.0,iron,0.0,0
210.54809097526595,1,Day,1220198cb2ab49bbaa6563d455e64f81,2,34.6,0.0,iron,0.0,0
211.55233060242608,1,Day,1220198cb2ab49bbaa6563d455e64f81,2,34.6,0.0,iron,0.0,0
212.5569170587696,1,Day,1220198cb2ab49bbaa6563d455e64f81,2,34.6,0.0,iron,0.0,0
213.55929500982165,1,Day,1220198cb2ab49bbaa6563d455e64f81,2,34.6,0.0,iron,0.0,0
214.56061263429,1,Day,1220198cb2ab49bbaa6563d455e64f81,2,34.6,0.0,iron,0.0,0
215.56451422115788,1,Day,1220198cb2ab49bbaa6563d455e64f81,2,34.6,0.0,iron,0.0,0
216.5704631395638,1,Day,1220198cb2ab49bbaa6563d455e64f81,2,34.6,0.0,iron,0.0,0
217.57732110051438,1,Day,1220198cb2ab49bbaa6563d455e64f81,2,34.6,0.0,iron,0.0,0
218.57918400969356,1,Day,1220198cb2ab49bbaa6563d455e64f81,1,32.0,0.0,iron,0.0,0
219.58665721165016,1,Day,1220198cb2ab49bbaa6563d455e64f81,1,32.0,0.0,iron,0.0,0
220.59321991633624,1,Day,1220198cb2ab49bbaa6563d455e64f81,1,32.0,0.0,iron,0.0,0
221.11589401308447,1,Day,1220198cb2ab49bbaa6563d455e64f81,1,32.0,0.0,iron,0.0,0
222.2620751913637,1,Day,1220198cb2ab49bbaa6563d455e64f81,1,32.0,0.0,iron,0.0,0
223.26532453019172,1,Day,1220198cb2ab49bbaa6563d455e64f81,1,32.0,0.0,iron,0.0,0
224.26738556846976,1,Day,1220198cb2ab49bbaa6563d455e64f81,1,32.0,0.0,iron,0.0,0
225.26795885851607,1,Day,1220198cb2ab49bbaa6563d455e64f81,1,32.0,0.0,iron,0.0,0
226.26990639884025,1,Day,1220198cb2ab49bbaa6563d455e64f81,1,32.0,0.0,iron,0.0,0
227.2726763994433,1,Day,1220198cb2ab49bbaa6563d455e64f81,1,32.0,0.0,iron,0.0,0
228.27413911325857,1,Day,1220198cb2ab49bbaa6563d455e64f81,1,32.0,0.0,iron,0.0,0
229.28131215227768,1,Day,1220198cb2ab49bbaa6563d455e64f81,1,32.0,0.0,iron,0.0,0
230.28557210648432,1,Day,1220198cb2ab49bbaa6563d455e64f81,1,32.0,0.0,iron,0.0,0
231.28769344091415,1,Day,1220198cb2ab49bbaa6563d455e64f81,1,32.0,0.0,iron,0.0,0
232.29561723815277,1,Day,1220198cb2ab49bbaa6563d455e64f81,1,32.0,0.0,iron,0.0,0
233.29956340463832,1,Day,1220198cb2ab49bbaa6563d455e64f81,1,32.0,0.0,iron,0.0,0
234.30285390513018,1,Day,1220198cb2ab49bbaa6563d455e64f81,1,32.0,0.0,iron,0.0,0
235.30860299430788,1,Day,1220198cb2ab49bbaa6563d455e64f81,2,32.0,30.0,iron,0.0,0
236.31041040550917,1,Day,1220198cb2ab49bbaa6563d455e64f81,2,32.0,30.0,iron,0.0,0
237.31123185437173,1,Day,1220198cb2ab49bbaa6563d455e64f81,2,32.0,30.0,iron,0.0,0
238.31712539633736,1,Day,1220198cb2ab49bbaa6563d455e64f81,2,32.0,30.0,iron,0.0,0
239.32388035440817,1,Day,1220198cb2ab49bbaa6563d455e64f81,2,32.0,30.0,iron,0.0,0
240.32810180727392,1,Day,1220198cb2ab49bbaa6563d455e64f81,2,32.0,30.0,iron,0.0,0
241.33124743262306,1,Day,1220198cb2ab49bbaa6563d455e64f81,2,32.0,30.0,iron,0.0,0
242.33499735640362,1,Day,1220198cb2ab49bbaa6563d455e64f81,2,32.0,30.0,iron,0.0,0
243.34239906212315,1,Day,1220198cb2ab49bbaa6563d455e64f81,2,32.0,30.0,iron,0.0,0
244.349443516694,1,Day,1220198cb2ab49bbaa6563d455e64f81,2,32.0,30.0,iron,0.0,0
245.3508386039175,1,Day,1220198cb2ab49bbaa6563d455e64f81,1,30.6,30.0,iron,0.0,0
246.3580573075451,1,Day,1220198cb2ab49bbaa6563d455e64f81,1,30.6,30.0,iron,0.0,0
247.36053468333557,1,Day,1220198cb2ab49bbaa6563d455e64f81,1,30.6,30.0,iron,0.0,0
248.36083877272904,1,Day,1220198cb2ab49bbaa6563d455e64f81,1,30.6,30.0,iron,0.0,0
249.36708143772557,1,Day,1220198cb2ab49bbaa6563d455e64f81,1,30.6,30.0,iron,0.0,0
250.36816688766703,1,Day,1220198cb2ab49bbaa6563d455e64f81,2,30.6,0.0,iron,0.0,0
251.37626392394304,1,Day,1220198cb2ab49bbaa6563d455e64f81,2,30.6,0.0,iron,0.0,0
252.37680767290294,1,Day,1220198cb2ab49bbaa6563d455e64f81,2,30.6,0.0,iron,0.0,0
253.38464171579108,1,Day,1220198cb2ab49bbaa6563d455e64f81,2,30.6,0.0,iron,0.0,0
254.38525721337646,1,Day,1220198cb2ab49bbaa6563d455e64f81,2,30.6,0.0,iron,0.0,0
255.39302100846544,1,Day,1220198cb2ab49bbaa6563d455e64f81,2,30.6,0.0,iron,0.0,0
256.3977478845045,1,Day,1220198cb2ab49bbaa6563d455e64f81,2,30.6,0.0,iron,0.0,0
257.4013201361522,1,Day,1220198cb2ab49bbaa6563d455e64f81,2,30.6,0.0,iron,0.0,0
258.40704251499847,1,Day,1220198cb2ab49bbaa6563d455e64f81,2,30.6,0.0,iron,0.0,0
259.41218055738136,1,Day,1220198cb2ab49bbaa6563d455e64f81,2,30.6,0.0,iron,0.0,0
260.4202165948227,1,Day,1220198cb2ab49bbaa6563d455e64f81,1,28.0,0.0,iron,0.0,0
261.4205397213809,1,Day,1220198cb2ab49bbaa6563d455e64f81,1,28.0,0.0,iron,0.0,0
262.42278413288295,1,Day,1220198cb2ab49bbaa6563d455e64f81,1,28.0,0.0,iron,0.0,0
263.4232190460898,1,Day,1220198cb2ab49bbaa6563d455e64f81,1,28.0,0.0,iron,0.0,0
264.4260640456341,1,Day,1220198cb2ab49bbaa6563d455e64f81,1,28.0,0.0,iron,0.0,0
265.4269653330557,1,Day,1220198cb2ab49bbaa6563d455e64f81,1,28.0,0.0,iron,0.0,0
266.43203166499734,1,Day,1220198cb2ab49bbaa6563d455e64f81,1,28.0,0.0,iron,0.0,0
267.4332121601328,1,Day,1220198cb2ab49bbaa6563d455e64f81,1,28.0,0.0,iron,0.0,0
268.4340219530277,1,Day,1220198cb2ab49bbaa6563d455e64f81,1,28.0,0.0,iron,0.0,0
269.44028004072607,1,Day,1220198cb2ab49bbaa6563d455e64f81,1,28.0,0.0,iron,0.0,0
270.44329603854567,1,Day,1220198cb2ab49bbaa6563d455e64f81,1,28.0,0.0,iron,0.0,0
271.4477496696636,1,Day,1220198cb2ab49bbaa6563d455e64f81,1,28.0,0.0,iron,0.0,0
272.4528052499518,1,Day,1220198cb2ab49bbaa6563d455e64f81,1,28.0,0.0,iron,0.0,0
273.4538700375706,1,Day,1220198cb2ab49bbaa6563d455e64f81,1,28.0,0.0,iron,0.0,0
274.45977274980396,1,Day,1220198cb2ab49bbaa6563d455e64f81,1,28.0,0.0,iron,0.0,0
275.46385221602395,1,Day,1220198cb2ab49bbaa6563d455e64f81,1,28.0,0.0,iron,0.0,0
276.4693510043435,1,Day,1220198cb2ab49bbaa6563d455e64f81,1,28.0,0.0,iron,0.0,0
277.47121568443254,1,Day,1220198cb2ab49bbaa6563d455e64f81,2,28.0,30.0,iron,0.0,0
278.47695468971506,1,Day,1220198cb2ab49bbaa6563d455e64f81,2,28.0,30.0,iron,0.0,0
279.4776022671722,1,Day,1220198cb2ab49bbaa6563d455e64f81,2,28.0,30.0,iron,0.0,0
280.4831402548589,1,Day,1220198cb2ab49bbaa6563d455e64f81,2,28.0,30.0,iron,0.0,0
281.4840558823198,1,Day,1220198cb2ab49bbaa6563d455e64f81,2,28.0,30.0,iron,0.0,0
282.4845518427901,1,Day,1220198cb2ab49bbaa6563d455e64f81,2,28.0,30.0,iron,0.0,0
283.4907172988169,1,Day,1220198cb2ab49bbaa6563d455e64f81,2,28.0,30.0,iron,0.0,0
284.49789255531505,1,Day,1220198cb2ab49bbaa6563d455e64f81,2,28.0,30.0,iron,0.0,0
285.500912593212,1,Day,1220198cb2ab49bbaa6563d455e64f81,2,28.0,30.0,iron,0.0,0
286.5042507615872,1,Day,1220198cb2ab49bbaa6563d455e64f81,2,28.0,30.0,iron,0.0,0
287.5114095490426,1,Day,1220198cb2ab49bbaa6563d455e64f81,1,26.6,30.0,iron,0.0,0
288.51546846842393,1,Day,1220198cb2ab49bbaa6563d455e64f81,1,26.6,30.0,iron,0.0,0
289.51776217715815,1,Day,1220198cb2ab49bbaa6563d455e64f81,1,26.6,30.0,iron,0.0,0
290.5231507620774,1,Day,1220198cb2ab49bbaa6563d455e64f81,1,26.6,30.0,iron,0.0,0
291.52361768111587,1,Day,1220198cb2ab49bbaa6563d455e64f81,1,26.6,30.0,iron,0.0,0
292.5250561069697,1,Day,1220198cb2ab49bbaa6563d455e64f81,2,26.6,0.0,iron,0.0,0
293.5304466043599,1,Day,1220198cb2ab49bbaa6563d455e64f81,2,26.6,0.0,iron,0.0,0
294.5305424868129,1,Day,1220198cb2ab49bbaa6563d455e64f81,2,26.6,0.0,iron,0.0,0
295.5367777775973,1,Day,1220198cb2ab49bbaa6563d455e64f81,2,26.6,0.0,iron,0.0,0
296.54306786321104,1,Day,1220198cb2ab49bbaa6563d455e64f81,2,26.6,0.0,iron,0.0,0
297.5502276569605,1,Day,1220198cb2ab49bbaa6563d455e64f81,2,26.6,0.0,iron,0.0,0
298.55086194723845,1,Day,1220198cb2ab49bbaa6563d455e64f81,2,26.6,0.0,iron,0.0,0
299.55201636161655,1,Day,1220198cb2ab49bbaa6563d455e64f81,2,26.6,0.0,iron,0.0,0
300.55422432255,1,Night,1220198cb2ab49bbaa6563d455e64f81,2,26.6,0.0,iron,0.0,3
301.5741216116585,1,Night,1220198cb2ab49bbaa6563d455e64f81,2,26.6,0.0,iron,0.0,12
302.57887482177466,1,Night,1220198cb2ab49bbaa6563d455e64f81,1,24.0,0.0,iron,0.0,18
303.58517657220364,1,Night,1220198cb2ab49bbaa6563d455e64f81,1,24.0,0.0,iron,0.0,27
304.58996006660163,1,Night,1220198cb2ab49bbaa6563d455e64f81,1,24.0,0.0,iron,0.0,33
305.5905040288344,1,Night,1220198cb2ab49bbaa6563d455e64f81,1,24.0,0.0,iron,0.0,42
306.591178687755,1,Night,1220198cb2ab49bbaa6563d455e64f81,1,24.0,0.0,iron,0.0,48
307.59214148717,1,Night,1220198cb2ab49bbaa6563d455e64f81,1,24.0,0.0,iron,0.0,57
308.5942923557013,1,Night,1220198cb2ab49bbaa6563d455e64f81,1,24.0,0.0,iron,0.0,63
309.599436562974,1,Night,1220198cb2ab49bbaa6563d455e64f81,1,24.0,0.0,iron,0.0,72
310.59994077449664,1,Night,1220198cb2ab49bbaa6563d455e64f81,1,24.0,0.0,iron,0.0,81
311.58854593802243,1,Night,1220198cb2ab49bbaa6563d455e64f81,1,24.0,0.0,iron,0.0,87
312.6244138996117,1,Night,1220198cb2ab49bbaa6563d455e64f81,1,24.0,0.0,iron,0.0,96
313.626301902812,1,Night,1220198cb2ab49bbaa6563d455e64f81,1,24.0,0.0,iron,0.0,100
314.6325823571533,1,Night,1220198cb2ab49bbaa6563d455e64f81,1,24.0,0.0,iron,0.0,100
315.6348372329958,1,Night,1220198cb2ab49bbaa6563d455e64f81,1,24.0,0.0,iron,0.0,100
316.642351731658,1,Night,1220198cb2ab49bbaa6563d455e64f81,1,24.0,0.0,iron,0.0,100
317.6495480686426,1,Night,1220198cb2ab49bbaa6563d455e64f81,1,24.0,0.0,iron,0.0,100
318.6544593987055,1,Night,1220198cb2ab49bbaa6563d455e64f81,1,24.0,0.0,iron,0.0,100
319.65998397488147,1,Night,1220198cb2ab49bbaa6563d455e64f81,2,24.0,30.0,iron,0.0,100
320.66007893159986,1,Night,1220198cb2ab49bbaa6563d455e64f81,2,24.0,30.0,iron,0.0,100
321.661008215975,1,Night,1220198cb2ab49bbaa6563d455e64f81,2,24.0,30.0,iron,0.0,99
322.66364258667454,1,Night,1220198cb2ab49bbaa6563d455e64f81,2,24.0,30.0,iron,0.0,99
323.66558825597167,1,Night,1220198cb2ab49bbaa6563d455e64f81,2,24.0,30.0,iron,0.0,99
324.66920450050384,1,Night,1220198cb2ab49bbaa6563d455e64f81,2,24.0,30.0,iron,0.0,99
325.67591021116823,1,Night,1220198cb2ab49bbaa6563d455e64f81,2,24.0,30.0,iron,0.0,99
326.6785896262154,1,Night,1220198cb2ab49bbaa6563d455e64f81,2,24.0,30.0,iron,0.0,98
327.6833945456892,1,Night,1220198cb2ab49bbaa6563d455e64f81,2,24.0,30.0,iron,0.0,98
328.82544536795467,1,Night,1220198cb2ab49bbaa6563d455e64f81,1,22.6,30.0,iron,0.0,98
329.8309348751791,1,Night,1220198cb2ab49bbaa6563d455e64f81,1,22.6,30.0,iron,0.0,98
330.8379034125246,1,Night,1220198cb2ab49bbaa6563d455e64f81,1,22.6,30.0,iron,0.0,98
331.8424563272856,1,Night,1220198cb2ab49bbaa6563d455e64f81,1,22.6,30.0,iron,0.0,97
332.84272603085265,1,Night,1220198cb2ab49bbaa6563d455e64f81,1,22.6,30.0,iron,0.0,97
333.848971913103,1,Night,1220198cb2ab49bbaa6563d455e64f81,2,22.6,0.0,iron,0.0,97
334.8562316610478,1,Night,1220198cb2ab49bbaa6563d455e64f81,2,22.6,0.0,iron,0.0,97
335.8596710753627,1,Night,1220198cb2ab49bbaa6563d455e64f81,2,22.6,0.0,iron,0.0,97
336.86425316054374,1,Night,1220198cb2ab49bbaa6563d455e64f81,2,22.6,0.0,iron,0.0,96
337.86788678588346,1,Night,1220198cb2ab49bbaa6563d455e64f81,2,22.6,0.0,iron,0.0,96
338.87553716264665,1,Night,1220198cb2ab49bbaa6563d455e64f81,2,22.6,0.0,iron,0.0,96
339.8783388650045,1,Night,1220198cb2ab49bbaa6563d455e64f81,2,22.6,0.0,iron,0.0,96
340.878722241614,1,Night,1220198cb2ab49bbaa6563d455e64f81,2,22.6,0.0,iron,0.0,96
341.8852184936404,1,Night,1220198cb2ab49bbaa6563d455e64f81,2,22.6,0.0,iron,0.0,95
342.88524974370375,1,Night,1220198cb2ab49bbaa6563d455e64f81,2,22.6,0.0,iron,0.0,95
343.8921239078045,1,Night,1220198cb2ab49bbaa6563d455e64f81,1,20.0,0.0,iron,0.0,95
344.8988824575208,1,Night,1220198cb2ab49bbaa6563d455e64f81,1,20.0,0.0,iron,0.0,95
345.8988680341281,1,Night,1220198cb2ab49bbaa6563d455e64f81,1,20.0,0.0,iron,0.0,95
346.9024577829987,1,Night,1220198cb2ab49bbaa6563d455e64f81,1,20.0,0.0,iron,0.0,92
347.9106242386624,1,Night,1220198cb2ab49bbaa6563d455e64f81,1,20.0,0.0,iron,0.0,92
348.91520136315376,1,Night,1220198cb2ab49bbaa6563d455e64f81,1,20.0,0.0,iron,0.0,92
349.91760098934174,1,Night,1220198cb2ab49bbaa6563d455e64f81,1,20.0,0.0,iron,0.0,92
350.921459694393,1,Night,1220198cb2ab49bbaa6563d455e64f81,1,20.0,0.0,iron,0.0,92
351.92830989556387,1,Night,1220198cb2ab49bbaa6563d455e64f81,1,20.0,0.0,iron,0.0,81
352.9283843138255,1,Night,1220198cb2ab49bbaa6563d455e64f81,1,20.0,0.0,iron,0.0,81
353.9294449859299,1,Night,1220198cb2ab49bbaa6563d455e64f81,1,20.0,0.0,iron,0.0,81
354.93285585427657,1,Night,1220198cb2ab49bbaa6563d455e64f81,1,20.0,0.0,iron,0.0,81
355.9387526130304,1,Night,1220198cb2ab49bbaa6563d455e64f81,1,20.0,0.0,iron,0.0,81
356.9447744046338,1,Night,1220198cb2ab49bbaa6563d455e64f81,1,20.0,0.0,iron,0.0,70
357.94874523580074,1,Night,1220198cb2ab49bbaa6563d455e64f81,1,20.0,0.0,iron,0.0,70
358.95481507247314,1,Night,1220198cb2ab49bbaa6563d455e64f81,1,20.0,0.0,iron,0.0,70
359.9598202803172,1,Night,1220198cb2ab49bbaa6563d455e64f81,1,20.0,0.0,iron,0.0,70
360.96766968863085,1,Night,1220198cb2ab49bbaa6563d455e64f81,2,20.0,30.0,iron,0.0,70
361.975130318664,1,Night,1220198cb2ab49bbaa6563d455e64f81,2,20.0,30.0,iron,0.0,67
362.9819838195108,1,Night,1220198cb2ab49bbaa6563d455e64f81,2,20.0,30.0,iron,0.0,67
363.98382123420015,1,Night,1220198cb2ab49bbaa6563d455e64f81,2,20.0,30.0,iron,0.0,67
364.9915311844088,1,Night,1220198cb2ab49bbaa6563d455e64f81,2,20.0,30.0,iron,0.0,67
365.99724060017616,1,Night,1220198cb2ab49bbaa6563d455e64f81,2,20.0,30.0,iron,0.0,67
367.0010464307852,1,Night,1220198cb2ab49bbaa6563d455e64f81,2,20.0,30.0,iron,0.0,66
368.00185426464304,1,Night,1220198cb2ab49bbaa6563d455e64f81,2,20.0,30.0,iron,0.0,66
369.00248484825715,1,Night,1220198cb2ab49bbaa6563d455e64f81,2,20.0,30.0,iron,0.0,66
370.0050464719534,1,Night,1220198cb2ab49bbaa6563d455e64f81,2,20.0,30.0,iron,0.0,66
371.01003348454833,1,Night,1220198cb2ab49bbaa6563d455e64f81,1,18.6,30.0,iron,0.0,66
372.01347147952765,1,Night,1220198cb2ab49bbaa6563d455e64f81,1,18.6,30.0,iron,0.0,65
373.0174701423384,1,Night,1220198cb2ab49bbaa6563d455e64f81,1,18.6,30.0,iron,0.0,65
374.0228297212161,1,Night,1220198cb2ab49bbaa6563d455e64f81,1,18.6,30.0,iron,0.0,59
375.02635030820966,1,Night,1220198cb2ab49bbaa6563d455e64f81,1,18.6,30.0,iron,0.0,59
376.0273855240084,1,Night,1220198cb2ab49bbaa6563d455e64f81,2,18.6,0.0,iron,0.0,59
377.03466252144426,1,Night,1220198cb2ab49bbaa6563d455e64f81,2,18.6,0.0,iron,0.0,58
378.0401607248932,1,Night,1220198cb2ab49bbaa6563d455e64f81,2,18.6,0.0,iron,0.0,58
379.04477081028745,1,Night,1220198cb2ab49bbaa6563d455e64f81,2,18.6,0.0,iron,0.0,57
380.04747693473473,1,Night,1220198cb2ab49bbaa6563d455e64f81,2,18.6,0.0,iron,0.0,54
381.05543956300244,1,Night,1220198cb2ab49bbaa6563d455e64f81,2,18.6,0.0,iron,0.0,52
382.05722023174167,1,Night,1220198cb2ab49bbaa6563d455e64f81,2,18.6,0.0,iron,0.0,49
383.0602132715285,1,Night,1220198cb2ab49bbaa6563d455e64f81,2,18.6,0.0,iron,0.0,46
384.0686036837287,1,Night,1220198cb2ab49bbaa6563d455e64f81,2,18.6,0.0,iron,0.0,44
385.15530535392463,1,Night,1220198cb2ab49bbaa6563d455e64f81,2,18.6,0.0,iron,0.0,42
386.1662333519198,1,Night,1220198cb2ab49bbaa6563d455e64f81,1,16.0,0.0,iron,0.0,40
387.1685591475107,1,Night,1220198cb2ab49bbaa6563d455e64f81,1,16.0,0.0,iron,0.0,37
388.17586502153426,1,Night,1220198cb2ab49bbaa6563d455e64f81,1,16.0,0.0,iron,0.0,34
389.1840712293051,1,Night,1220198cb2ab49bbaa6563d455e64f81,1,16.0,0.0,iron,0.0,34
390.1847641887143,1,Night,1220198cb2ab49bbaa6563d455e64f81,1,16.0,0.0,iron,0.0,34
391.18997027678415,1,Night,1220198cb2ab49bbaa6563d455e64f81,1,16.0,0.0,iron,0.0,34
392.19296498503536,1,Night,1220198cb2ab49bbaa6563d455e64f81,1,16.0,0.0,iron,0.0,34
393.19917910778895,1,Night,1220198cb2ab49bbaa6563d455e64f81,1,16.0,0.0,iron,0.0,34
394.2022735681385,1,Night,1220198cb2ab49bbaa6563d455e64f81,1,16.0,0.0,iron,0.0,34
395.2101733586751,1,Night,1220198cb2ab49bbaa6563d455e64f81,1,16.0,0.0,iron,0.0,34
396.21736627444625,1,Night,1220198cb2ab49bbaa6563d455e64f81,1,16.0,0.0,iron,0.0,34
397.2251234780997,1,Night,1220198cb2ab49bbaa6563d455e64f81,1,16.0,0.0,iron,0.0,34
398.2323351930827,1,Night,1220198cb2ab49bbaa6563d455e64f81,1,16.0,0.0,iron,0.0,34
399.23310456378385,1,Night,1220198cb2ab49bbaa6563d455e64f81,1,16.0,0.0,iron,0.0,34
400.2358121010475,1,Night,1220198cb2ab49bbaa6563d455e64f81,1,16.0,0.0,iron,0.0,32
401.23820068268105,1,Night,1220198cb2ab49bbaa6563d455e64f81,1,16.0,0.0,iron,0.0,32
402.2432388062589,1,Night,1220198cb2ab49bbaa6563d455e64f81,1,16.0,0.0,iron,0.0,32
403.2465233914554,1,Night,1220198cb2ab49bbaa6563d455e64f81,2,16.0,30.0,iron,0.0,32
404.2536124731414,1,Night,1220198cb2ab49bbaa6563d455e64f81,2,16.0,30.0,iron,0.0,32
405.2555039813742,1,Night,1220198cb2ab49bbaa6563d455e64f81,2,16.0,30.0,iron,0.0,30
406.2580526424572,1,Night,1220198cb2ab49bbaa6563d455e64f81,2,16.0,30.0,iron,0.0,30
407.26133822696283,1,Night,1220198cb2ab49bbaa6563d455e64f81,2,16.0,30.0,iron,0.0,30
408.26275501959026,1,Night,1220198cb2ab49bbaa6563d455e64f81,2,16.0,30.0,iron,0.0,30
409.2708080993034,1,Night,1220198cb2ab49bbaa6563d455e64f81,2,16.0,30.0,iron,0.0,30
410.2724833050743,1,Night,1220198cb2ab49bbaa6563d455e64f81,2,16.0,30.0,iron,0.0,28
411.2733804737218,1,Night,1220198cb2ab49bbaa6563d455e64f81,2,16.0,30.0,iron,0.0,28
412.27366334665567,1,Night,1220198cb2ab49bbaa6563d455e64f81,2,16.0,30.0,iron,0.0,28
413.2801427957602,1,Night,1220198cb2ab49bbaa6563d455e64f81,1,14.6,30.0,iron,0.0,28
414.2858007145114,1,Night,1220198cb2ab49bbaa6563d455e64f81,1,14.6,30.0,iron,0.0,28
415.29168333578855,1,Night,1220198cb2ab49bbaa6563d455e64f81,1,14.6,30.0,iron,0.0,26
416.298644750379,1,Night,1220198cb2ab49bbaa6563d455e64f81,1,14.6,30.0,iron,0.0,26
417.3051338358782,1,Night,1220198cb2ab49bbaa6563d455e64f81,1,14.6,30.0,iron,0.0,26
418.305177370552,1,Night,1220198cb2ab49bbaa6563d455e64f81,2,14.6,0.0,iron,0.0,26
419.30722103640437,1,Night,1220198cb2ab49bbaa6563d455e64f81,2,14.6,0.0,iron,0.0,26
420.30923611996695,1,Night,1220198cb2ab49bbaa6563d455e64f81,2,14.6,0.0,iron,0.0,19
421.3122769934125,1,Night,1220198cb2ab49bbaa6563d455e64f81,2,14.6,0.0,iron,0.0,19
422.316959369462,1,Night,1220198cb2ab49bbaa6563d455e64f81,2,14.6,0.0,iron,0.0,19
423.319842081517,1,Night,1220198cb2ab49bbaa6563d455e64f81,2,14.6,0.0,iron,0.0,19
424.32195641240105,1,Night,1220198cb2ab49bbaa6563d455e64f81,2,14.6,0.0,iron,0.0,19
425.327218208462,1,Night,1220198cb2ab49bbaa6563d455e64f81,2,14.6,0.0,iron,0.0,17
426.33323728851974,1,Night,1220198cb2ab49bbaa6563d455e64f81,2,14.6,0.0,iron,0.0,11
427.3356252401136,1,Night,1220198cb2ab49bbaa6563d455e64f81,2,14.6,0.0,iron,0.0,11
428.33690661611035,1,Night,1220198cb2ab49bbaa6563d455e64f81,1,12.0,0.0,iron,0.0,11
429.34191031800583,1,Night,1220198cb2ab49bbaa6563d455e64f81,1,12.0,0.0,iron,0.0,9
430.34302248666063,1,Night,1220198cb2ab49bbaa6563d455e64f81,1,12.0,0.0,iron,0.0,5
431.34414628334343,1,Night,1220198cb2ab49bbaa6563d455e64f81,1,12.0,0.0,iron,0.0,3
432.3464834061451,1,Night,1220198cb2ab49bbaa6563d455e64f81,1,12.0,0.0,iron,0.0,1
433.34958486258984,1,Night,1220198cb2ab49bbaa6563d455e64f81,1,12.0,0.0,iron,0.0,1
434.3535282420926,1,Night,1220198cb2ab49bbaa6563d455e64f81,1,12.0,0.0,iron,0.0,1
435.35793840140104,1,Night,1220198cb2ab49bbaa6563d455e64f81,1,12.0,0.0,iron,0.0,1
436.3588662291877,1,Night,1220198cb2ab49bbaa6563d455e64f81,1,12.0,0.0,iron,0.0,1
437.367693932727,1,Night,1220198cb2ab49bbaa6563d455e64f81,1,12.0,0.0,iron,0.0,1
438.36919151991606,1,Night,1220198cb2ab49bbaa6563d455e64f81,1,12.0,0.0,iron,0.0,1
439.3709388994612,1,Night,1220198cb2ab49bbaa6563d455e64f81,1,12.0,0.0,iron,0.0,1
440.3787752292119,1,Night,1220198cb2ab49bbaa6563d455e64f81,1,12.0,0.0,iron,0.0,1
441.38155669067055,1,Night,1220198cb2ab49bbaa6563d455e64f81,1,12.0,0.0,iron,0.0,1
442.38296056585386,1,Night,1220198cb2ab49bbaa6563d455e64f81,1,12.0,0.0,iron,0.0,1
443.3889503958635,1,Night,1220198cb2ab49bbaa6563d455e64f81,1,12.0,0.0,iron,0.0,1
444.3909551431425,1,Night,1220198cb2ab49bbaa6563d455e64f81,1,12.0,0.0,iron,0.0,1
445.39499926706776,1,Night,1220198cb2ab49bbaa6563d455e64f81,2,12.0,30.0,iron,0.0,1
446.400069556199,1,Night,1220198cb2ab49bbaa6563d455e64f81,2,12.0,30.0,iron,0.0,1
447.40492492634803,1,Night,1220198cb2ab49bbaa6563d455e64f81,2,12.0,30.0,iron,0.0,1
448.40959176281467,1,Night,1220198cb2ab49bbaa6563d455e64f81,2,12.0,30.0,iron,0.0,1
449.411396890413,1,Night,1220198cb2ab49bbaa6563d455e64f81,2,12.0,30.0,iron,0.0,1
450.4162503494881,1,Night,1220198cb2ab49bbaa6563d455e64f81,2,12.0,30.0,iron,0.0,1
451.4166200128384,1,Night,1220198cb2ab49bbaa6563d455e64f81,2,12.0,30.0,iron,0.0,1
452.42423559585586,1,Night,1220198cb2ab49bbaa6563d455e64f81,2,12.0,30.0,iron,0.0,1
453.42465335084125,1,Night,1220198cb2ab49bbaa6563d455e64f81,2,12.0,30.0,iron,0.0,1
454.42764472588897,1,Night,1220198cb2ab49bbaa6563d455e64f81,2,12.0,30.0,iron,0.0,1
455.4291937216185,1,Night,1220198cb2ab49bbaa6563d455e64f81,1,10.6,30.0,iron,0.0,1
456.4348473078571,1,Night,1220198cb2ab49bbaa6563d455e64f81,1,10.6,30.0,iron,0.0,1
457.4409320927225,1,Night,1220198cb2ab49bbaa6563d455e64f81,1,10.6,30.0,iron,0.0,1
458.44791042944416,1,Night,1220198cb2ab49bbaa6563d455e64f81,1,10.6,30.0,iron,0.0,1
459.4527591401711,1,Night,1220198cb2ab49bbaa6563d455e64f81,1,10.6,30.0,iron,0.0,1
460.45998555840924,1,Night,1220198cb2ab49bbaa6563d455e64f81,2,10.6,0.0,iron,0.0,1
461.4623715984635,1,Night,1220198cb2ab49bbaa6563d455e64f81,2,10.6,0.0,iron,0.0,1
462.4683072194457,1,Night,1220198cb2ab49bbaa6563d455e64f81,2,10.6,0.0,iron,0.0,1
463.47032388532534,1,Night,1220198cb2ab49bbaa6563d455e64f81,2,10.6,0.0,iron,0.0,1
464.4764731810428,1,Night,1220198cb2ab49bbaa6563d455e64f81,2,10.6,0.0,iron,0.0,1
465.4799718456343,1,Night,1220198cb2ab49bbaa6563d455e64f81,2,10.6,0.0,iron,0.0,1
466.48722375836223,1,Night,1220198cb2ab49bbaa6563d455e64f81,2,10.6,0.0,iron,0.0,1
467.48767722025514,1,Night,1220198cb2ab49bbaa6563d455e64f81,2,10.6,0.0,iron,0.0,1
468.4927465575747,1,Night,1220198cb2ab49bbaa6563d455e64f81,2,10.6,0.0,iron,0.0,1
469.49318401515484,1,Night,1220198cb2ab49bbaa6563d455e64f81,2,10.6,0.0,iron,0.0,1
470.5005288552493,1,Night,1220198cb2ab49bbaa6563d455e64f81,1,8.0,0.0,iron,0.0,1
471.5052713039331,1,Night,1220198cb2ab49bbaa6563d455e64f81,1,8.0,0.0,iron,0.0,1
472.5132403476164,1,Night,1220198cb2ab49bbaa6563d455e64f81,1,8.0,0.0,iron,0.0,1
473.51587355555966,1,Night,1220198cb2ab49bbaa6563d455e64f81,1,8.0,0.0,iron,0.0,1
474.5223825541325,1,Night,1220198cb2ab49bbaa6563d455e64f81,1,8.0,0.0,iron,0.0,1
475.52310772705823,1,Night,1220198cb2ab49bbaa6563d455e64f81,1,8.0,0.0,iron,0.0,1
476.52696939278394,1,Night,1220198cb2ab49bbaa6563d455e64f81,1,8.0,0.0,iron,0.0,1
477.5315937711857,1,Night,1220198cb2ab49bbaa6563d455e64f81,1,8.0,0.0,iron,0.0,1
478.5396228567697,1,Night,1220198cb2ab49bbaa6563d455e64f81,1,8.0,0.0,iron,0.0,1
479.5406614402309,1,Night,1220198cb2ab49bbaa6563d455e64f81,1,8.0,0.0,iron,0.0,1
480.54391603032127,2,Day,1220198cb2ab49bbaa6563d455e64f81,1,8.0,0.0,iron,0.0,1
481.5459761968814,2,Day,1220198cb2ab49bbaa6563d455e64f81,1,8.0,0.0,iron,0.0,1
482.55215402366593,2,Day,1220198cb2ab49bbaa6563d455e64f81,1,8.0,0.0,iron,0.0,1
483.557193484623,2,Day,1220198cb2ab49bbaa6563d455e64f81,1,8.0,0.0,iron,0.0,1
484.5572828534059,2,Day,1220198cb2ab49bbaa6563d455e64f81,1,8.0,0.0,iron,0.0,1
485.5599643900059,2,Day,1220198cb2ab49bbaa6563d455e64f81,1,8.0,0.0,iron,0.0,1
486.561285816133,2,Day,1220198cb2ab49bbaa6563d455e64f81,1,8.0,0.0,iron,0.0,1
487.5637688222341,2,Day,1220198cb2ab49bbaa6563d455e64f81,2,8.0,30.0,iron,0.0,1
488.5685141053982,2,Day,1220198cb2ab49bbaa6563d455e64f81,2,8.0,30.0,iron,0.0,1
489.5747181507759,2,Day,1220198cb2ab49bbaa6563d455e64f81,2,8.0,30.0,iron,0.0,1
490.58168052649125,2,Day,1220198cb2ab49bbaa6563d455e64f81,2,8.0,30.0,iron,0.0,1
491.58856402896345,2,Day,1220198cb2ab49bbaa6563d455e64f81,2,8.0,30.0,iron,0.0,1
492.5955085614696,2,Day,1220198cb2ab49bbaa6563d455e64f81,2,8.0,30.0,iron,0.0,1
493.60081827035174,2,Day,1220198cb2ab49bbaa6563d455e64f81,2,8.0,30.0,iron,0.0,1
494.6048602689989,2,Day,1220198cb2ab49bbaa6563d455e64f81,2,8.0,30.0,iron,0.0,1
495.66336005646735,2,Day,1220198cb2ab49bbaa6563d455e64f81,2,8.0,30.0,iron,0.0,0
496.6672848430462,2,Day,1220198cb2ab49bbaa6563d455e64f81,1,6.6,30.0,iron,0.0,0
497.66991271683946,2,Day,1220198cb2ab49bbaa6563d455e64f81,1,6.6,30.0,iron,0.0,0
498.6713643046096,2,Day,1220198cb2ab49bbaa6563d455e64f81,1,6.6,30.0,iron,0.0,0
499.675626589451,2,Day,1220198cb2ab49bbaa6563d455e64f81,1,6.6,30.0,iron,0.0,0
500.68034775555134,2,Day,1220198cb2ab49bbaa6563d455e64f81,1,6.6,30.0,iron,0.0,0
501.8228166005574,2,Day,1220198cb2ab49bbaa6563d455e64f81,2,6.6,0.0,iron,0.0,0
502.8304561385885,2,Day,1220198cb2ab49bbaa6563d455e64f81,2,6.6,0.0,iron,0.0,0
503.83058634772897,2,Day,1220198cb2ab49bbaa6563d455e64f81,2,6.6,0.0,iron,0.0,0
504.8365603517741,2,Day,1220198cb2ab49bbaa6563d455e64f81,2,6.6,0.0,iron,0.0,0
505.8433768139221,2,Day,1220198cb2ab49bbaa6563d455e64f81,2,6.6,0.0,iron,0.0,0
506.84480410115793,2,Day,1220198cb2ab49bbaa6563d455e64f81,2,6.6,0.0,iron,0.0,0
507.8495216052979,2,Day,1220198cb2ab49bbaa6563d455e64f81,2,6.6,0.0,iron,0.0,0
508.85512473247945,2,Day,1220198cb2ab49bbaa6563d455e64f81,2,6.6,0.0,iron,0.0,0
509.8594078971073,2,Day,1220198cb2ab49bbaa6563d455e64f81,2,6.6,0.0,iron,0.0,0
510.861136817839,2,Day,1220198cb2ab49bbaa6563d455e64f81,2,6.6,0.0,iron,0.0,0
511.86571577517316,2,Day,1220198cb2ab49bbaa6563d455e64f81,1,3.9999999999999996,0.0,iron,0.0,0
512.8735803542659,2,Day,1220198cb2ab49bbaa6563d455e64f81,1,3.9999999999999996,0.0,iron,0.0,0
513.8795749051496,2,Day,1220198cb2ab49bbaa6563d455e64f81,1,3.9999999999999996,0.0,iron,0.0,0
514.884743405506,2,Day,1220198cb2ab49bbaa6563d455e64f81,1,3.9999999999999996,0.0,iron,0.0,0
515.8882219931111,2,Day,1220198cb2ab49bbaa6563d455e64f81,1,3.9999999999999996,0.0,iron,0.0,0
516.8912934982218,2,Day,1220198cb2ab49bbaa6563d455e64f81,1,3.9999999999999996,0.0,iron,0.0,0
517.8996877912432,2,Day,1220198cb2ab49bbaa6563d455e64f81,1,3.9999999999999996,0.0,iron,0.0,0
518.9078553677537,2,Day,1220198cb2ab49bbaa6563d455e64f81,1,3.9999999999999996,0.0,iron,0.0,0
519.9130212543532,2,Day,1220198cb2ab49bbaa6563d455e64f81,1,3.9999999999999996,0.0,iron,0.0,0
520.9131910065189,2,Day,1220198cb2ab49bbaa6563d455e64f81,1,3.9999999999999996,0.0,iron,0.0,0
521.9146442506462,2,Day,1220198cb2ab49bbaa6563d455e64f81,1,3.9999999999999996,0.0,iron,0.0,0
522.921027591452,2,Day,1220198cb2ab49bbaa6563d455e64f81,1,3.9999999999999996,0.0,iron,0.0,0
523.9264902141877,2,Day,1220198cb2ab49bbaa6563d455e64f81,1,3.9999999999999996,0.0,iron,0.0,0
524.9274877174757,2,Day,1220198cb2ab49bbaa6563d455e64f81,1,3.9999999999999996,0.0,iron,0.0,0
525.93066192884,2,Day,1220198cb2ab49bbaa6563d455e64f81,1,3.9999999999999996,0.0,iron,0.0,0
526.937407344114,2,Day,1220198cb2ab49bbaa6563d455e64f81,1,3.9999999999999996,0.0,iron,0.0,0
527.9385020928457,2,Day,1220198cb2ab49bbaa6563d455e64f81,1,3.9999999999999996,0.0,iron,0.0,0
528.940175389871,2,Day,1220198cb2ab49bbaa6563d455e64f81,2,3.9999999999999996,30.0,iron,0.0,0
529.9481655103154,2,Day,1220198cb2ab49bbaa6563d455e64f81,2,3.9999999999999996,30.0,iron,0.0,0
530.9540378437378,2,Day,1220198cb2ab49bbaa6563d455e64f81,2,3.9999999999999996,30.0,iron,0.0,0
531.9544298481196,2,Day,1220198cb2ab49bbaa6563d455e64f81,2,3.9999999999999996,30.0,iron,0.0,0
532.960143848788,2,Day,1220198cb2ab49bbaa6563d455e64f81,2,3.9999999999999996,30.0,iron,0.0,0
533.9639305132441,2,Day,1220198cb2ab49bbaa6563d455e64f81,2,3.9999999999999996,30.0,iron,0.0,0
534.965455382131,2,Day,1220198cb2ab49bbaa6563d455e64f81,2,3.9999999999999996,30.0,iron,0.0,0
535.9725674320944,2,Day,1220198cb2ab49bbaa6563d455e64f81,2,3.9999999999999996,30.0,iron,0.0,0
536.9805472651497,2,Day,1220198cb2ab49bbaa6563d455e64f81,2,3.9999999999999996,30.0,iron,0.0,0
537.9827503422275,2,Day,1220198cb2ab49bbaa6563d455e64f81,2,3.9999999999999996,30.0,iron,0.0,0
538.9857246461324,2,Day,1220198cb2ab49bbaa6563d455e64f81,1,2.5999999999999996,30.0,iron,0.0,0
539.9896111465059,2,Day,1220198cb2ab49bbaa6563d455e64f81,1,2.5999999999999996,30.0,iron,0.0,0
540.996486349497,2,Day,1220198cb2ab49bbaa6563d455e64f81,1,2.5999999999999996,30.0,iron,0.0,0
541.998909145128,2,Day,1220198cb2ab49bbaa6563d455e64f81,1,2.5999999999999996,30.0,iron,0.0,0
542.9990425584838,2,Day,1220198cb2ab49bbaa6563d455e64f81,1,2.5999999999999996,30.0,iron,0.0,0
544.0058137695305,2,Day,1220198cb2ab49bbaa6563d455e64f81,2,2.5999999999999996,0.0,iron,0.0,0
545.0109976860695,2,Day,1220198cb2ab49bbaa6563d455e64f81,2,2.5999999999999996,0.0,iron,0.0,0
546.0119430171326,2,Day,1220198cb2ab49bbaa6563d455e64f81,2,2.5999999999999996,0.0,iron,0.0,0
547.0140358102508,2,Day,1220198cb2ab49bbaa6563d455e64f81,2,2.5999999999999996,0.0,iron,0.0,0
548.0179194337688,2,Day,1220198cb2ab49bbaa6563d455e64f81,2,2.5999999999999996,0.0,iron,0.0,0
549.0201363461092,2,Day,1220198cb2ab49bbaa6563d455e64f81,2,2.5999999999999996,0.0,iron,0.0,0
550.0227592601441,2,Day,1220198cb2ab49bbaa6563d455e64f81,2,2.5999999999999996,0.0,iron,0.0,0
551.0277246804908,2,Day,1220198cb2ab49bbaa6563d455e64f81,2,2.5999999999999996,0.0,iron,0.0,0
552.0338245094754,2,Day,1220198cb2ab49bbaa6563d455e64f81,2,2.5999999999999996,0.0,iron,0.0,0
553.0348090962507,2,Day,1220198cb2ab49bbaa6563d455e64f81,2,2.5999999999999996,0.0,iron,0.0,0
554.0397344711237,2,Day,1220198cb2ab49bbaa6563d455e64f81,4,2.5999999999999996,0.0,iron,0.0,0
555.0412450917065,2,Day,1220198cb2ab49bbaa6563d455e64f81,4,2.5999999999999996,0.0,iron,0.0,0
556.0465415958315,2,Day,1220198cb2ab49bbaa6563d455e64f81,4,2.5999999999999996,0.0,iron,0.0,0
557.051680972334,2,Day,1220198cb2ab49bbaa6563d455e64f81,4,2.5999999999999996,0.0,iron,0.0,0
558.0577493491583,2,Day,1220198cb2ab49bbaa6563d455e64f81,4,2.5999999999999996,0.0,iron,0.0,0
559.0622749724425,2,Day,1220198cb2ab49bbaa6563d455e64f81,4,2.5999999999999996,0.0,iron,0.0,0
560.065953345038,2,Day,1220198cb2ab49bbaa6563d455e64f81,4,2.5999999999999996,0.0,iron,0.0,0
561.0663766372018,2,Day,1220198cb2ab49bbaa6563d455e64f81,4,2.5999999999999996,0.0,iron,0.0,0
562.0705326409079,2,Day,1220198cb2ab49bbaa6563d455e64f81,4,2.5999999999999996,0.0,iron,0.0,0
563.077012270689,2,Day,1220198cb2ab49bbaa6563d455e64f81,4,2.5999999999999996,0.0,iron,0.0,0
564.0802654814906,2,Day,1220198cb2ab49bbaa6563d455e64f81,4,2.5999999999999996,0.0,iron,0.0,0
565.0844948561862,2,Day,1220198cb2ab49bbaa6563d455e64f81,4,2.5999999999999996,0.0,iron,0.0,0
566.0872436445206,2,Day,1220198cb2ab49bbaa6563d455e64f81,4,2.5999999999999996,0.0,iron,0.0,0
567.0881843529642,2,Day,1220198cb2ab49bbaa6563d455e64f81,4,2.5999999999999996,0.0,iron,0.0,0
568.0885366867296,2,Day,1220198cb2ab49bbaa6563d455e64f81,4,2.5999999999999996,0.0,iron,0.0,0
569.0926010278054,2,Day,1220198cb2ab49bbaa6563d455e64f81,4,2.5999999999999996,0.0,iron,0.0,0
570.1004353580065,2,Day,1220198cb2ab49bbaa6563d455e64f81,4,2.5999999999999996,0.0,iron,0.0,0
571.1051170243882,2,Day,1220198cb2ab49bbaa6563d455e64f81,4,2.5999999999999996,0.0,iron,0.0,0
572.1057756096125,2,Day,1220198cb2ab49bbaa6563d455e64f81,4,2.5999999999999996,0.0,iron,0.0,0
573.1119537325576,2,Day,1220198cb2ab49bbaa6563d455e64f81,4,2.5999999999999996,0.0,iron,0.0,0
574.1131419409066,2,Day,1220198cb2ab49bbaa6563d455e64f81,4,2.5999999999999996,0.0,iron,0.0,0
575.1155560649931,2,Day,1220198cb2ab49bbaa6563d455e64f81,4,2.5999999999999996,0.0,iron,0.0,0
576.2923697605729,2,Day,1220198cb2ab49bbaa6563d455e64f81,4,2.5999999999999996,0.0,iron,0.0,0
577.3006930081174,2,Day,1220198cb2ab49bbaa6563d455e64f81,4,2.5999999999999996,0.0,iron,0.0,0
578.3079595877789,2,Day,1220198cb2ab49bbaa6563d455e64f81,4,2.5999999999999996,0.0,iron,0.0,0
579.3109750063159,2,Day,1220198cb2ab49bbaa6563d455e64f81,4,2.5999999999999996,0.0,iron,0.0,0
580.3610703293234,2,Day,1220198cb2ab49bbaa6563d455e64f81,4,2.5999999999999996,0.0,iron,0.0,0
581.3659047051333,2,Day,1220198cb2ab49bbaa6563d455e64f81,4,2.5999999999999996,0.0,iron,0.0,0
582.3706660433672,2,Day,1220198cb2ab49bbaa6563d455e64f81,4,2.5999999999999996,0.0,iron,0.0,0
583.3747857101262,2,Day,1220198cb2ab49bbaa6563d455e64f81,4,2.5999999999999996,0.0,iron,0.0,0
584.3755420441739,2,Day,1220198cb2ab49bbaa6563d455e64f81,4,2.5999999999999996,0.0,iron,0.0,0
585.3560263346881,2,Day,1220198cb2ab49bbaa6563d455e64f81,4,2.5999999999999996,0.0,iron,0.0,0
586.4692110884935,2,Day,1220198cb2ab49bbaa6563d455e64f81,4,2.5999999999999996,0.0,iron,0.0,0
587.4694699989632,2,Day,1220198cb2ab49bbaa6563d455e64f81,4,2.5999999999999996,0.0,iron,0.0,0
588.4727708348073,2,Day,1220198cb2ab49bbaa6563d455e64f81,4,2.5999999999999996,0.0,iron,0.0,0
589.4788900394924,2,Day,1220198cb2ab49bbaa6563d455e64f81,4,2.5999999999999996,0.0,iron,0.0,0
590.483063492924,2,Day,1220198cb2ab49bbaa6563d455e64f81,4,2.5999999999999996,0.0,iron,0.0,0
591.4837070363574,2,Day,1220198cb2ab49bbaa6563d455e64f81,4,2.5999999999999996,0.0,iron,0.0,0
592.4841569941491,2,Day,1220198cb2ab49bbaa6563d455e64f81,4,2.5999999999999996,0.0,iron,0.0,0
593.4852927448228,2,Day,1220198cb2ab49bbaa6563d455e64f81,4,2.5999999999999996,0.0,iron,0.0,0
594.4888846157119,2,Day,1220198cb2ab49bbaa6563d455e64f81,4,2.5999999999999996,0.0,iron,0.0,0
595.4914179048501,2,Day,1220198cb2ab49bbaa6563d455e64f81,4,2.5999999999999996,0.0,iron,0.0,0
596.4979586168192,2,Day,1220198cb2ab49bbaa6563d455e64f81,4,2.5999999999999996,0.0,iron,0.0,0
597.5044380323961,2,Day,1220198cb2ab49bbaa6563d455e64f81,4,2.5999999999999996,0.0,iron,0.0,0
598.5114826620556,2,Day,1220198cb2ab49bbaa6563d455e64f81,4,2.5999999999999996,0.0,iron,0.0,0
599.5188682395965,2,Day,1220198cb2ab49bbaa6563d455e64f81,4,2.5999999999999996,0.0,iron,0.0,0
600.5195740372874,2,Day,1220198cb2ab49bbaa6563d455e64f81,4,2.5999999999999996,0.0,iron,0.0,0
601.5219650827348,2,Day,1220198cb2ab49bbaa6563d455e64f81,4,2.5999999999999996,0.0,iron,0.0,0
602.5291236215271,2,Day,1220198cb2ab49bbaa6563d455e64f81,4,2.5999999999999996,0.0,iron,0.0,0
603.532447998412,2,Day,1220198cb2ab49bbaa6563d455e64f81,4,2.5999999999999996,0.0,iron,0.0,0
604.5381664121523,2,Day,1220198cb2ab49bbaa6563d455e64f81,4,2.5999999999999996,0.0,iron,0.0,0
605.5434019044042,2,Day,1220198cb2ab49bbaa6563d455e64f81,4,2.5999999999999996,0.0,iron,0.0,0
606.5506988200359,2,Day,1220198cb2ab49bbaa6563d455e64f81,4,2.5999999999999996,0.0,iron,0.0,0
607.5570191633888,2,Day,1220198cb2ab49bbaa6563d455e64f81,4,2.5999999999999996,0.0,iron,0.0,0
608.5645637405105,2,Day,1220198cb2ab49bbaa6563d455e64f81,4,2.5999999999999996,0.0,iron,0.0,0
609.5708452882245,2,Day,1220198cb2ab49bbaa6563d455e64f81,4,2.5999999999999996,0.0,iron,0.0,0
610.57568108337,2,Day,1220198cb2ab49bbaa6563d455e64f81,4,2.5999999999999996,0.0,iron,0.0,0
611.577610746026,2,Day,1220198cb2ab49bbaa6563d455e64f81,4,2.5999999999999996,0.0,iron,0.0,0
612.5811824956909,2,Day,1220198cb2ab49bbaa6563d455e64f81,4,2.5999999999999996,0.0,iron,0.0,0
613.5859967088327,2,Day,1220198cb2ab49bbaa6563d455e64f81,4,2.5999999999999996,0.0,iron,0.0,0
614.5875671659596,2,Day,1220198cb2ab49bbaa6563d455e64f81,4,2.5999999999999996,0.0,iron,0.0,0
615.5920359101146,2,Day,1220198cb2ab49bbaa6563d455e64f81,4,2.5999999999999996,0.0,iron,0.0,0
616.5949477814138,2,Day,1220198cb2ab49bbaa6563d455e64f81,4,2.5999999999999996,0.0,iron,0.0,0
617.5985893285833,2,Day,1220198cb2ab49bbaa6563d455e64f81,4,2.5999999999999996,0.0,iron,0.0,0
618.6005560341291,2,Day,1220198cb2ab49bbaa6563d455e64f81,4,2.5999999999999996,0.0,iron,0.0,0
619.6022185832262,2,Day,1220198cb2ab49bbaa6563d455e64f81,4,2.5999999999999996,0.0,iron,0.0,0
620.6078451219946,2,Day,1220198cb2ab49bbaa6563d455e64f81,4,2.5999999999999996,0.0,iron,0.0,0
621.6111525869928,2,Day,1220198cb2ab49bbaa6563d455e64f81,4,2.5999999999999996,0.0,iron,0.0,0
622.6173511245288,2,Day,1220198cb2ab49bbaa6563d455e64f81,4,2.5999999999999996,0.0,iron,0.0,0
623.6233447524719,2,Day,1220198cb2ab49bbaa6563d455e64f81,4,2.5999999999999996,0.0,iron,0.0,0
624.6286691306159,2,Day,1220198cb2ab49bbaa6563d455e64f81,4,2.5999999999999996,0.0,iron,0.0,0
625.6331965434365,2,Day,1220198cb2ab49bbaa6563d455e64f81,4,2.5999999999999996,0.0,iron,0.0,0
626.6371220070869,2,Day,1220198cb2ab49bbaa6563d455e64f81,4,2.5999999999999996,0.0,iron,0.0,0
627.6381920916028,2,Day,1220198cb2ab49bbaa6563d455e64f81,4,2.5999999999999996,0.0,iron,0.0,0
628.6426075473428,2,Day,1220198cb2ab49bbaa6563d455e64f81,4,2.5999999999999996,0.0,iron,0.0,0
629.6484943819232,2,Day,1220198cb2ab49bbaa6563d455e64f81,4,2.5999999999999996,0.0,iron,0.0,0
630.6551243439317,2,Day,1220198cb2ab49bbaa6563d455e64f81,4,2.5999999999999996,0.0,iron,0.0,0
631.6617767177522,2,Day,1220198cb2ab49bbaa6563d455e64f81,4,2.5999999999999996,0.0,iron,0.0,0
632.668348970823,2,Day,1220198cb2ab49bbaa6563d455e64f81,4,2.5999999999999996,0.0,iron,0.0,0
633.6716697649099,2,Day,1220198cb2ab49bbaa6563d455e64f81,4,2.5999999999999996,0.0,iron,0.0,0
634.6764192264527,2,Day,1220198cb2ab49bbaa6563d455e64f81,4,2.5999999999999996,0.0,iron,0.0,0
635.6776003064588,2,Day,1220198cb2ab49bbaa6563d455e64f81,4,2.5999999999999996,0.0,iron,0.0,0
636.6785811050795,2,Day,1220198cb2ab49bbaa6563d455e64f81,4,2.5999999999999996,0.0,iron,0.0,0
637.6858659298159,2,Day,1220198cb2ab49bbaa6563d455e64f81,4,2.5999999999999996,0.0,iron,0.0,0
638.6858539325185,2,Day,1220198cb2ab49bbaa6563d455e64f81,4,2.5999999999999996,0.0,iron,0.0,0
639.6865066387691,2,Day,1220198cb2ab49bbaa6563d455e64f81,4,2.5999999999999996,0.0,iron,0.0,0
640.6883237226866,2,Day,1220198cb2ab49bbaa6563d455e64f81,4,2.5999999999999996,0.0,iron,0.0,0
641.6895613870583,2,Day,1220198cb2ab49bbaa6563d455e64f81,4,2.5999999999999996,0.0,iron,0.0,0
642.6938765551895,2,Day,1220198cb2ab49bbaa6563d455e64f81,4,2.5999999999999996,0.0,iron,0.0,0
643.7000756324269,2,Day,1220198cb2ab49bbaa6563d455e64f81,4,2.5999999999999996,0.0,iron,0.0,0
644.7015062603168,2,Day,1220198cb2ab49bbaa6563d455e64f81,4,2.5999999999999996,0.0,iron,0.0,0
645.7067848015577,2,Day,1220198cb2ab49bbaa6563d455e64f81,4,2.5999999999999996,0.0,iron,0.0,0
646.7127731726505,2,Day,1220198cb2ab49bbaa6563d455e64f81,4,2.5999999999999996,0.0,iron,0.0,0
647.7158045480028,2,Day,1220198cb2ab49bbaa6563d455e64f81,4,2.5999999999999996,0.0,iron,0.0,0
648.721858503297,2,Day,1220198cb2ab49bbaa6563d455e64f81,4,2.5999999999999996,0.0,iron,0.0,0
649.7247585910372,2,Day,1220198cb2ab49bbaa6563d455e64f81,4,2.5999999999999996,0.0,iron,0.0,0
650.7247786317021,2,Day,1220198cb2ab49bbaa6563d455e64f81,4,2.5999999999999996,0.0,iron,0.0,0
651.7319430145435,2,Day,1220198cb2ab49bbaa6563d455e64f81,4,2.5999999999999996,0.0,iron,0.0,0
652.7353071784601,2,Day,1220198cb2ab49bbaa6563d455e64f81,4,2.5999999999999996,0.0,iron,0.0,0
653.7405700120144,2,Day,1220198cb2ab49bbaa6563d455e64f81,4,2.5999999999999996,0.0,iron,0.0,0
654.7480454333127,2,Day,1220198cb2ab49bbaa6563d455e64f81,4,2.5999999999999996,0.0,iron,0.0,0
655.7557216444984,2,Day,1220198cb2ab49bbaa6563d455e64f81,4,2.5999999999999996,0.0,iron,0.0,0
656.7612185236067,2,Day,1220198cb2ab49bbaa6563d455e64f81,4,2.5999999999999996,0.0,iron,0.0,0
657.767601354979,2,Day,1220198cb2ab49bbaa6563d455e64f81,4,2.5999999999999996,0.0,iron,0.0,0
658.7707834858447,2,Day,1220198cb2ab49bbaa6563d455e64f81,4,2.5999999999999996,0.0,iron,0.0,0
659.7736025662161,2,Day,1220198cb2ab49bbaa6563d455e64f81,4,2.5999999999999996,0.0,iron,0.0,0
660.7804639413953,2,Day,1220198cb2ab49bbaa6563d455e64f81,4,2.5999999999999996,0.0,iron,0.0,0
661.82030514488,2,Day,1220198cb2ab49bbaa6563d455e64f81,4,52.6,0.0,iron,0.0,0
662.8218776369467,2,Day,1220198cb2ab49bbaa6563d455e64f81,4,52.6,0.0,iron,0.0,0
663.82479742961,2,Day,1220198cb2ab49bbaa6563d455e64f81,4,52.6,0.0,iron,0.0,0
664.8309515207075,2,Day,1220198cb2ab49bbaa6563d455e64f81,4,52.6,0.0,iron,0.0,0
665.8320961813442,2,Day,1220198cb2ab49bbaa6563d455e64f81,4,52.6,0.0,iron,0.0,0
666.838992189616,2,Day,1220198cb2ab49bbaa6563d455e64f81,4,52.6,0.0,iron,0.0,0
667.8432152685709,2,Day,1220198cb2ab49bbaa6563d455e64f81,4,52.6,0.0,iron,0.0,0
668.8501115576364,2,Day,1220198cb2ab49bbaa6563d455e64f81,4,52.6,0.0,iron,0.0,0
669.8564401376061,2,Day,1220198cb2ab49bbaa6563d455e64f81,4,52.6,0.0,iron,0.0,0
670.8622260163538,2,Day,1220198cb2ab49bbaa6563d455e64f81,4,52.6,0.0,iron,0.0,0
671.8668696815148,2,Day,1220198cb2ab49bbaa6563d455e64f81,4,52.6,0.0,iron,0.0,0
672.8672742256895,2,Day,1220198cb2ab49bbaa6563d455e64f81,4,52.6,0.0,iron,0.0,0
673.873039977625,2,Day,1220198cb2ab49bbaa6563d455e64f81,4,52.6,0.0,iron,0.0,0
674.8788732271641,2,Day,1220198cb2ab49bbaa6563d455e64f81,4,52.6,0.0,iron,0.0,0
675.8841166873462,2,Day,1220198cb2ab49bbaa6563d455e64f81,4,52.6,0.0,iron,0.0,0
676.8853697269224,2,Day,1220198cb2ab49bbaa6563d455e64f81,4,52.6,0.0,iron,0.0,0
677.8890758543275,2,Day,1220198cb2ab49bbaa6563d455e64f81,4,52.6,0.0,iron,0.0,0
678.8920034300536,2,Day,1220198cb2ab49bbaa6563d455e64f81,4,52.6,0.0,iron,0.0,0
679.8979233503342,2,Day,1220198cb2ab49bbaa6563d455e64f81,4,52.6,0.0,iron,0.0,0
680.9035228947178,2,Day,1220198cb2ab49bbaa6563d455e64f81,4,52.6,0.0,iron,0.0,0
681.91035901336,2,Day,1220198cb2ab49bbaa6563d455e64f81,4,52.6,0.0,iron,0.0,0
682.9142460534349,2,Day,1220198cb2ab49bbaa6563d455e64f81,4,52.6,0.0,iron,0.0,0
683.9216217650101,2,Day,1220198cb2ab49bbaa6563d455e64f81,4,52.6,0.0,iron,0.0,0
684.9223827696405,2,Day,1220198cb2ab49bbaa6563d455e64f81,4,52.6,0.0,iron,0.0,0
685.9267778112553,2,Day,1220198cb2ab49bbaa6563d455e64f81,4,52.6,0.0,iron,0.0,0
686.9314491795376,2,Day,1220198cb2ab49bbaa6563d455e64f81,4,52.6,0.0,iron,0.0,0
687.9360703914426,2,Day,1220198cb2ab49bbaa6563d455e64f81,4,52.6,0.0,iron,0.0,0
688.9425083971582,2,Day,1220198cb2ab49bbaa6563d455e64f81,4,52.6,0.0,iron,0.0,0
689.947672768496,2,Day,1220198cb2ab49bbaa6563d455e64f81,4,52.6,0.0,iron,0.0,0
690.9490663954057,2,Day,1220198cb2ab49bbaa6563d455e64f81,4,52.6,0.0,iron,0.0,0
691.9498403118923,2,Day,1220198cb2ab49bbaa6563d455e64f81,4,52.6,0.0,iron,0.0,0
692.9499174808152,2,Day,1220198cb2ab49bbaa6563d455e64f81,4,52.6,0.0,iron,0.0,0
693.9571385658346,2,Day,1220198cb2ab49bbaa6563d455e64f81,4,52.6,0.0,iron,0.0,0
694.9621353074908,2,Day,1220198cb2ab49bbaa6563d455e64f81,4,52.6,0.0,iron,0.0,0
695.9678918533027,2,Day,1220198cb2ab49bbaa6563d455e64f81,4,52.6,0.0,iron,0.0,0
696.9687926406041,2,Day,1220198cb2ab49bbaa6563d455e64f81,4,52.6,0.0,iron,0.0,0
697.9736298541538,2,Day,1220198cb2ab49bbaa6563d455e64f81,4,52.6,0.0,iron,0.0,0
698.975485894829,2,Day,1220198cb2ab49bbaa6563d455e64f81,4,52.6,0.0,iron,0.0,0
699.9822548460215,2,Day,1220198cb2ab49bbaa6563d455e64f81,4,52.6,0.0,iron,0.0,0
700.9832005929202,2,Day,1220198cb2ab49bbaa6563d455e64f81,4,52.6,0.0,iron,0.0,0
701.9845734331757,2,Day,1220198cb2ab49bbaa6563d455e64f81,4,52.6,0.0,iron,0.0,0
702.992022800725,2,Day,1220198cb2ab49bbaa6563d455e64f81,4,52.6,0.0,iron,0.0,0
703.9946763869375,2,Day,1220198cb2ab49bbaa6563d455e64f81,4,52.6,0.0,iron,0.0,0
705.0014056838118,2,Day,1220198cb2ab49bbaa6563d455e64f81,4,52.6,0.0,iron,0.0,0
706.0061055538245,2,Day,1220198cb2ab49bbaa6563d455e64f81,4,52.6,0.0,iron,0.0,0
707.0091373850591,2,Day,1220198cb2ab49bbaa6563d455e64f81,4,52.6,0.0,iron,0.0,0
708.0108533003367,2,Day,1220198cb2ab49bbaa6563d455e64f81,4,52.6,0.0,iron,0.0,0
709.012103295885,2,Day,1220198cb2ab49bbaa6563d455e64f81,4,52.6,0.0,iron,0.0,0
710.0172790070064,2,Day,1220198cb2ab49bbaa6563d455e64f81,4,52.6,0.0,iron,0.0,0
711.0245520109311,2,Day,1220198cb2ab49bbaa6563d455e64f81,4,52.6,0.0,iron,0.0,0
712.0257636355236,2,Day,1220198cb2ab49bbaa6563d455e64f81,4,52.6,0.0,iron,0.0,0
713.0321075869724,2,Day,1220198cb2ab49bbaa6563d455e64f81,4,52.6,0.0,iron,0.0,0
714.0388659997843,2,Day,1220198cb2ab49bbaa6563d455e64f81,4,52.6,0.0,iron,0.0,0
715.0453690811992,2,Day,1220198cb2ab49bbaa6563d455e64f81,4,52.6,0.0,iron,0.0,0
716.049664745573,2,Day,1220198cb2ab49bbaa6563d455e64f81,4,52.6,0.0,iron,0.0,0
717.0523713342845,2,Day,1220198cb2ab49bbaa6563d455e64f81,4,52.6,0.0,iron,0.0,0
718.0591226234101,2,Day,1220198cb2ab49bbaa6563d455e64f81,4,52.6,0.0,iron,0.0,0
719.0594091252424,2,Day,1220198cb2ab49bbaa6563d455e64f81,4,52.6,0.0,iron,0.0,0
720.0613699937239,2,Day,1220198cb2ab49bbaa6563d455e64f81,4,52.6,0.0,iron,0.0,0
721.0688483295962,2,Day,1220198cb2ab49bbaa6563d455e64f81,4,52.6,0.0,iron,0.0,0
722.0704249092378,2,Day,1220198cb2ab49bbaa6563d455e64f81,4,52.6,0.0,iron,0.0,0
723.0725203705952,2,Day,1220198cb2ab49bbaa6563d455e64f81,4,52.6,0.0,iron,0.0,0
724.0741425338201,2,Day,1220198cb2ab49bbaa6563d455e64f81,4,52.6,0.0,iron,0.0,0
725.0784235736355,2,Day,1220198cb2ab49bbaa6563d455e64f81,4,52.6,0.0,iron,0.0,0
725.6129604168236,2,Day,1220198cb2ab49bbaa6563d455e64f81,4,52.6,0.0,iron,0.0,0
726.7692459318787,2,Day,1220198cb2ab49bbaa6563d455e64f81,4,52.6,0.0,iron,0.0,0
727.7738480153494,2,Day,1220198cb2ab49bbaa6563d455e64f81,4,52.6,0.0,iron,0.0,0
728.775244559627,2,Day,1220198cb2ab49bbaa6563d455e64f81,4,52.6,0.0,iron,0.0,0
729.7794821015559,2,Day,1220198cb2ab49bbaa6563d455e64f81,4,52.6,0.0,iron,0.0,0
730.783071226906,2,Day,1220198cb2ab49bbaa6563d455e64f81,4,52.6,0.0,iron,196.83751291129738,0
731.7849907311611,2,Day,1220198cb2ab49bbaa6563d455e64f81,4,52.6,0.0,iron,191.8279153900221,0
732.7923044832423,2,Day,1220198cb2ab49bbaa6563d455e64f81,4,52.6,0.0,iron,186.79134662961587,0
733.7939967317507,2,Day,1220198cb2ab49bbaa6563d455e64f81,4,52.6,0.0,iron,181.7828853870742,0
734.8010123115964,2,Day,1220198cb2ab49bbaa6563d455e64f81,4,52.6,0.0,iron,176.74780748784542,0
735.8050400670618,2,Day,1220198cb2ab49bbaa6563d455e64f81,4,52.6,0.0,iron,171.72766871051863,0
736.8077067784034,2,Day,1220198cb2ab49bbaa6563d455e64f81,4,52.6,0.0,iron,166.71433515381068,0
737.8133378960192,2,Day,1220198cb2ab49bbaa6563d455e64f81,4,52.6,0.0,iron,161.68617956573144,0
738.8134303959087,2,Day,1220198cb2ab49bbaa6563d455e64f81,4,52.6,0.0,iron,156.68571706628427,0
739.8203144818544,2,Day,1220198cb2ab49bbaa6563d455e64f81,4,52.6,0.0,iron,151.65129663655534,0
740.8234214386903,2,Day,1220198cb2ab49bbaa6563d455e64f81,4,52.6,0.0,iron,146.63576185237616,0
741.8307521389797,2,Day,1220198cb2ab49bbaa6563d455e64f81,4,52.6,0.0,iron,141.59910835092887,0
742.8384650540538,2,Day,1220198cb2ab49bbaa6563d455e64f81,4,52.6,0.0,iron,136.56054377555847,0
743.8430648483336,2,Day,1220198cb2ab49bbaa6563d455e64f81,4,52.6,0.0,iron,131.53754480415955,0
744.8435992216691,2,Day,1220198cb2ab49bbaa6563d455e64f81,4,52.6,0.0,iron,126.53487293748185,0
745.8507067598403,2,Day,1220198cb2ab49bbaa6563d455e64f81,4,52.6,0.0,iron,121.49933524662629,0
746.8569487957284,2,Day,1220198cb2ab49bbaa6563d455e64f81,4,52.6,0.0,iron,116.46812506718561,0
747.862862917129,2,Day,1220198cb2ab49bbaa6563d455e64f81,4,52.6,0.0,iron,111.43855446018279,0
748.8648521229625,2,Day,1220198cb2ab49bbaa6563d455e64f81,4,52.6,0.0,iron,106.42860843101516,0
749.8694473318756,2,Day,1220198cb2ab49bbaa6563d455e64f81,4,52.6,0.0,iron,101.40563238644972,0
750.8736049579456,2,Day,1220198cb2ab49bbaa6563d455e64f81,4,52.6,0.0,iron,96.38484425609931,0
751.8755622045137,2,Day,1220198cb2ab49bbaa6563d455e64f81,4,52.6,0.0,iron,91.37505802325904,0
752.8797956253402,2,Day,1220198cb2ab49bbaa6563d455e64f81,4,52.6,0.0,iron,86.35389091912657,0
753.8811997910962,2,Day,1220198cb2ab49bbaa6563d455e64f81,4,52.6,0.0,iron,81.34687009034678,0
754.8851391226053,2,Day,1220198cb2ab49bbaa6563d455e64f81,4,52.6,0.0,iron,76.32717343280092,0
755.8889642441645,2,Day,1220198cb2ab49bbaa6563d455e64f81,4,52.6,0.0,iron,71.3080478250049,0
756.8949324069545,2,Day,1220198cb2ab49bbaa6563d455e64f81,4,52.6,0.0,iron,66.2782070110552,0
757.9020993639715,2,Day,1220198cb2ab49bbaa6563d455e64f81,4,52.6,0.0,iron,61.24237222597003,0
758.9086694461294,2,Day,1220198cb2ab49bbaa6563d455e64f81,4,52.6,0.0,iron,56.20952181518078,0
759.9130187840201,2,Day,1220198cb2ab49bbaa6563d455e64f81,4,52.6,0.0,iron,51.18777512572706,0
760.9145497041754,2,Day,1220198cb2ab49bbaa6563d455e64f81,4,52.6,0.0,iron,46.180120524950325,0
761.9881307077594,2,Day,1220198cb2ab49bbaa6563d455e64f81,1,50.0,0.0,iron,40.81221550703049,0
762.9902731687762,2,Day,1220198cb2ab49bbaa6563d455e64f81,1,50.0,0.0,iron,35.801503201946616,0
763.9934186683968,2,Day,1220198cb2ab49bbaa6563d455e64f81,1,50.0,0.0,iron,30.785775703843683,0
764.9969005445018,2,Day,1220198cb2ab49bbaa6563d455e64f81,1,50.0,0.0,iron,25.768366323318332,0
765.9991270494647,2,Day,1220198cb2ab49bbaa6563d455e64f81,1,50.0,0.0,iron,20.757233798503876,0
767.0046201283112,2,Day,1220198cb2ab49bbaa6563d455e64f81,1,50.0,0.0,iron,15.729768404271454,0
768.0106359659694,2,Day,1220198cb2ab49bbaa6563d455e64f81,1,50.0,0.0,iron,10.69968921598047,0
769.0122655476443,2,Day,1220198cb2ab49bbaa6563d455e64f81,1,50.0,0.0,iron,5.691541307605803,0
770.10428884672,2,Day,1220198cb2ab49bbaa6563d455e64f81,1,50.0,0.0,iron,0.23142481222748756,0
771.1075350120664,2,Day,1220198cb2ab49bbaa6563d455e64f81,1,50.0,0.0,iron,0.0,0
772.1124981353059,2,Day,1220198cb2ab49bbaa6563d455e64f81,1,50.0,0.0,iron,0.0,0
773.1146339704283,2,Day,1220198cb2ab49bbaa6563d455e64f81,1,50.0,0.0,iron,0.0,0
774.1176155516878,2,Day,1220198cb2ab49bbaa6563d455e64f81,1,50.0,0.0,iron,0.0,0
775.1214234684594,2,Day,1220198cb2ab49bbaa6563d455e64f81,1,50.0,0.0,iron,0.0,0
776.1251946752891,2,Day,1220198cb2ab49bbaa6563d455e64f81,1,50.0,0.0,iron,0.0,0
777.1266427976079,2,Day,1220198cb2ab49bbaa6563d455e64f81,1,50.0,0.0,iron,0.0,0
778.1320366738364,2,Day,1220198cb2ab49bbaa6563d455e64f81,1,50.0,0.0,iron,0.0,0
779.135155969765,2,Day,1220198cb2ab49bbaa6563d455e64f81,2,50.0,30.0,iron,0.0,0
780.15451510204,2,Night,1220198cb2ab49bbaa6563d455e64f81,2,50.0,30.0,iron,0.0,0
781.1595708481036,2,Night,1220198cb2ab49bbaa6563d455e64f81,2,50.0,30.0,iron,0.0,12
782.1653373506851,2,Night,1220198cb2ab49bbaa6563d455e64f81,2,50.0,30.0,iron,0.0,20
783.1665085130371,2,Night,1220198cb2ab49bbaa6563d455e64f81,2,50.0,30.0,iron,0.0,32
784.1709643900394,2,Night,1220198cb2ab49bbaa6563d455e64f81,2,50.0,30.0,iron,0.0,40
785.1782872602344,2,Night,1220198cb2ab49bbaa6563d455e64f81,2,50.0,30.0,iron,0.0,52
786.1852039257064,2,Night,1220198cb2ab49bbaa6563d455e64f81,2,50.0,30.0,iron,0.0,60
787.1872492609546,2,Night,1220198cb2ab49bbaa6563d455e64f81,2,50.0,30.0,iron,0.0,72
788.1891100881621,2,Night,1220198cb2ab49bbaa6563d455e64f81,2,50.0,30.0,iron,0.0,80
789.1944692959078,2,Night,1220198cb2ab49bbaa6563d455e64f81,1,48.6,30.0,iron,0.0,92
790.1960246213712,2,Night,1220198cb2ab49bbaa6563d455e64f81,1,48.6,30.0,iron,0.0,104
791.2023798697628,2,Night,1220198cb2ab49bbaa6563d455e64f81,1,48.6,30.0,iron,0.0,112
792.2092891233042,2,Night,1220198cb2ab49bbaa6563d455e64f81,1,48.6,30.0,iron,0.0,124
793.2153849136084,2,Night,1220198cb2ab49bbaa6563d455e64f81,1,48.6,30.0,iron,0.0,125
794.2205804563127,2,Night,1220198cb2ab49bbaa6563d455e64f81,2,48.6,0.0,iron,0.0,125
795.2212047907524,2,Night,1220198cb2ab49bbaa6563d455e64f81,2,48.6,0.0,iron,0.0,125
796.2229912080802,2,Night,1220198cb2ab49bbaa6563d455e64f81,2,48.6,0.0,iron,0.0,125
797.2253230814822,2,Night,1220198cb2ab49bbaa6563d455e64f81,2,48.6,0.0,iron,0.0,125
798.2305343667977,2,Night,1220198cb2ab49bbaa6563d455e64f81,2,48.6,0.0,iron,0.0,125
799.231683742255,2,Night,1220198cb2ab49bbaa6563d455e64f81,2,48.6,0.0,iron,0.0,125
800.2321753632277,2,Night,1220198cb2ab49bbaa6563d455e64f81,2,48.6,0.0,iron,0.0,125
801.2338857394643,2,Night,1220198cb2ab49bbaa6563d455e64f81,2,48.6,0.0,iron,0.0,125
802.2362174047157,2,Night,1220198cb2ab49bbaa6563d455e64f81,2,48.6,0.0,iron,0.0,125
803.2377965715714,2,Night,1220198cb2ab49bbaa6563d455e64f81,2,48.6,0.0,iron,0.0,125
804.245348197408,2,Night,1220198cb2ab49bbaa6563d455e64f81,1,46.0,0.0,iron,0.0,125
805.2484657354653,2,Night,1220198cb2ab49bbaa6563d455e64f81,1,46.0,0.0,iron,0.0,125
806.2504316512495,2,Night,1220198cb2ab49bbaa6563d455e64f81,1,46.0,0.0,iron,0.0,125
807.2580753574148,2,Night,1220198cb2ab49bbaa6563d455e64f81,1,46.0,0.0,iron,0.0,125
808.2600796958432,2,Night,1220198cb2ab49bbaa6563d455e64f81,1,46.0,0.0,iron,0.0,125
809.2679489459842,2,Night,1220198cb2ab49bbaa6563d455e64f81,1,46.0,0.0,iron,0.0,125
810.2750196219422,2,Night,1220198cb2ab49bbaa6563d455e64f81,1,46.0,0.0,iron,0.0,125
811.2759353686124,2,Night,1220198cb2ab49bbaa6563d455e64f81,1,46.0,0.0,iron,0.0,125
812.2783710299991,2,Night,1220198cb2ab49bbaa6563d455e64f81,1,46.0,0.0,iron,0.0,125
813.2792272795923,2,Night,1220198cb2ab49bbaa6563d455e64f81,1,46.0,0.0,iron,0.0,125
814.2802280625328,2,Night,1220198cb2ab49bbaa6563d455e64f81,1,46.0,0.0,iron,0.0,125
815.2802943154238,2,Night,1220198cb2ab49bbaa6563d455e64f81,1,46.0,0.0,iron,0.0,125
816.2815544395708,2,Night,1220198cb2ab49bbaa6563d455e64f81,1,46.0,0.0,iron,0.0,125
817.2850809744559,2,Night,1220198cb2ab49bbaa6563d455e64f81,1,46.0,0.0,iron,0.0,125
818.2889837641269,2,Night,1220198cb2ab49bbaa6563d455e64f81,1,46.0,0.0,iron,0.0,125
819.2899433434941,2,Night,1220198cb2ab49bbaa6563d455e64f81,1,46.0,0.0,iron,0.0,125
820.2940071430057,2,Night,1220198cb2ab49bbaa6563d455e64f81,1,46.0,0.0,iron,0.0,125
821.2959533124231,2,Night,1220198cb2ab49bbaa6563d455e64f81,2,46.0,30.0,iron,0.0,125
822.2982271015644,2,Night,1220198cb2ab49bbaa6563d455e64f81,2,46.0,30.0,iron,0.0,125
823.3059573578648,2,Night,1220198cb2ab49bbaa6563d455e64f81,2,46.0,30.0,iron,0.0,125
824.3060136935674,2,Night,1220198cb2ab49bbaa6563d455e64f81,2,46.0,30.0,iron,0.0,125
825.3088323627599,2,Night,1220198cb2ab49bbaa6563d455e64f81,2,46.0,30.0,iron,0.0,125
826.3123390302062,2,Night,1220198cb2ab49bbaa6563d455e64f81,2,46.0,30.0,iron,0.0,125
827.3180461167358,2,Night,1220198cb2ab49bbaa6563d455e64f81,2,46.0,30.0,iron,0.0,125
828.3196226931177,2,Night,1220198cb2ab49bbaa6563d455e64f81,2,46.0,30.0,iron,0.0,125
829.3216828573495,2,Night,1220198cb2ab49bbaa6563d455e64f81,2,46.0,30.0,iron,0.0,125
830.3278593951836,2,Night,1220198cb2ab49bbaa6563d455e64f81,2,46.0,30.0,iron,0.0,125
831.3285709409975,2,Night,1220198cb2ab49bbaa6563d455e64f81,1,44.6,30.0,iron,0.0,125
832.3342315615155,2,Night,1220198cb2ab49bbaa6563d455e64f81,1,44.6,30.0,iron,0.0,125
833.3410747707821,2,Night,1220198cb2ab49bbaa6563d455e64f81,1,44.6,30.0,iron,0.0,125
834.3469434790313,2,Night,1220198cb2ab49bbaa6563d455e64f81,1,44.6,30.0,iron,0.0,125
835.3530276017264,2,Night,1220198cb2ab49bbaa6563d455e64f81,1,44.6,30.0,iron,0.0,125
836.3598236422986,2,Night,1220198cb2ab49bbaa6563d455e64f81,2,44.6,0.0,iron,0.0,125
837.3631679760292,2,Night,1220198cb2ab49bbaa6563d455e64f81,2,44.6,0.0,iron,0.0,124
838.3705291370861,2,Night,1220198cb2ab49bbaa6563d455e64f81,2,44.6,0.0,iron,0.0,124
839.3749028029852,2,Night,1220198cb2ab49bbaa6563d455e64f81,2,44.6,0.0,iron,0.0,124
840.3812921773642,2,Night,1220198cb2ab49bbaa6563d455e64f81,2,44.6,0.0,iron,0.0,124
841.3831625967287,2,Night,1220198cb2ab49bbaa6563d455e64f81,2,44.6,0.0,iron,0.0,124
842.3871591389179,2,Night,1220198cb2ab49bbaa6563d455e64f81,2,44.6,0.0,iron,0.0,123
843.3884801780805,2,Night,1220198cb2ab49bbaa6563d455e64f81,2,44.6,0.0,iron,0.0,123
844.3946053083055,2,Night,1220198cb2ab49bbaa6563d455e64f81,2,44.6,0.0,iron,0.0,123
845.398759056814,2,Night,1220198cb2ab49bbaa6563d455e64f81,2,44.6,0.0,iron,0.0,123
846.4010828956962,2,Night,1220198cb2ab49bbaa6563d455e64f81,1,42.0,0.0,iron,0.0,123
847.4048547302373,2,Night,1220198cb2ab49bbaa6563d455e64f81,1,42.0,0.0,iron,0.0,122
848.4103271472268,2,Night,1220198cb2ab49bbaa6563d455e64f81,1,42.0,0.0,iron,0.0,122
849.41400060663,2,Night,1220198cb2ab49bbaa6563d455e64f81,1,42.0,0.0,iron,0.0,122
850.4207213069312,2,Night,1220198cb2ab49bbaa6563d455e64f81,1,42.0,0.0,iron,0.0,122
851.4234155546874,2,Night,1220198cb2ab49bbaa6563d455e64f81,1,42.0,0.0,iron,0.0,122
852.4246304724365,2,Night,1220198cb2ab49bbaa6563d455e64f81,1,42.0,0.0,iron,0.0,120
853.4312250944786,2,Night,1220198cb2ab49bbaa6563d455e64f81,1,42.0,0.0,iron,0.0,120
854.4366078870371,2,Night,1220198cb2ab49bbaa6563d455e64f81,1,42.0,0.0,iron,0.0,120
855.444452593103,2,Night,1220198cb2ab49bbaa6563d455e64f81,1,42.0,0.0,iron,0.0,120
856.4483272554353,2,Night,1220198cb2ab49bbaa6563d455e64f81,1,42.0,0.0,iron,0.0,120
857.4522106768563,2,Night,1220198cb2ab49bbaa6563d455e64f81,1,42.0,0.0,iron,0.0,117
858.4569974229671,2,Night,1220198cb2ab49bbaa6563d455e64f81,1,42.0,0.0,iron,0.0,117
859.4635471678339,2,Night,1220198cb2ab49bbaa6563d455e64f81,1,42.0,0.0,iron,0.0,117
860.4658048772253,2,Night,1220198cb2ab49bbaa6563d455e64f81,1,42.0,0.0,iron,0.0,117
861.4704175917432,2,Night,1220198cb2ab49bbaa6563d455e64f81,1,42.0,0.0,iron,0.0,117
862.4744027531706,2,Night,1220198cb2ab49bbaa6563d455e64f81,1,42.0,0.0,iron,0.0,115
863.4822058342397,2,Night,1220198cb2ab49bbaa6563d455e64f81,2,42.0,30.0,iron,0.0,115
864.4886755030602,2,Night,1220198cb2ab49bbaa6563d455e64f81,2,42.0,30.0,iron,0.0,115
865.4939666702412,2,Night,1220198cb2ab49bbaa6563d455e64f81,2,42.0,30.0,iron,0.0,109
866.4989634244703,2,Night,1220198cb2ab49bbaa6563d455e64f81,2,42.0,30.0,iron,0.0,109
867.5024373815395,2,Night,1220198cb2ab49bbaa6563d455e64f81,2,42.0,30.0,iron,0.0,107
868.505824291613,2,Night,1220198cb2ab49bbaa6563d455e64f81,2,42.0,30.0,iron,0.0,107
869.5074329604395,2,Night,1220198cb2ab49bbaa6563d455e64f81,2,42.0,30.0,iron,0.0,107
870.5077344626188,2,Night,1220198cb2ab49bbaa6563d455e64f81,2,42.0,30.0,iron,0.0,106
871.5085019660182,2,Night,1220198cb2ab49bbaa6563d455e64f81,2,42.0,30.0,iron,0.0,98
872.5153377158567,2,Night,1220198cb2ab49bbaa6563d455e64f81,2,42.0,30.0,iron,0.0,96
873.521796379704,2,Night,1220198cb2ab49bbaa6563d455e64f81,1,40.6,30.0,iron,0.0,96
874.5269255852327,2,Night,1220198cb2ab49bbaa6563d455e64f81,1,40.6,30.0,iron,0.0,95
875.5320399538614,2,Night,1220198cb2ab49bbaa6563d455e64f81,1,40.6,30.0,iron,0.0,91
876.5391939985566,2,Night,1220198cb2ab49bbaa6563d455e64f81,1,40.6,30.0,iron,0.0,89
877.5414423239417,2,Night,1220198cb2ab49bbaa6563d455e64f81,1,40.6,30.0,iron,0.0,84
878.5463061174378,2,Night,1220198cb2ab49bbaa6563d455e64f81,2,40.6,0.0,iron,0.0,82
879.5521075697616,2,Night,1220198cb2ab49bbaa6563d455e64f81,2,40.6,0.0,iron,0.0,79
880.5587643622421,2,Night,1220198cb2ab49bbaa6563d455e64f81,2,40.6,0.0,iron,0.0,74
881.5638195700012,2,Night,1220198cb2ab49bbaa6563d455e64f81,2,40.6,0.0,iron,0.0,71
882.5655323150568,2,Night,1220198cb2ab49bbaa6563d455e64f81,2,40.6,0.0,iron,0.0,68
883.5721528148279,2,Night,1220198cb2ab49bbaa6563d455e64f81,2,40.6,0.0,iron,0.0,65
884.5765454759821,2,Night,1220198cb2ab49bbaa6563d455e64f81,2,40.6,0.0,iron,0.0,63
885.5781483082101,2,Night,1220198cb2ab49bbaa6563d455e64f81,2,40.6,0.0,iron,0.0,58
886.5782663505524,2,Night,1220198cb2ab49bbaa6563d455e64f81,2,40.6,0.0,iron,0.0,55
887.5796475154348,2,Night,1220198cb2ab49bbaa6563d455e64f81,2,40.6,0.0,iron,0.0,45
888.585423596669,2,Night,1220198cb2ab49bbaa6563d455e64f81,1,38.0,0.0,iron,0.0,42
889.591700186953,2,Night,1220198cb2ab49bbaa6563d455e64f81,1,38.0,0.0,iron,0.0,40
890.5921548074111,2,Night,1220198cb2ab49bbaa6563d455e64f81,1,38.0,0.0,iron,0.0,35
891.5945443576202,2,Night,1220198cb2ab49bbaa6563d455e64f81,1,38.0,0.0,iron,0.0,33
892.5965464790352,2,Night,1220198cb2ab49bbaa6563d455e64f81,1,38.0,0.0,iron,0.0,31
893.5990950628184,2,Night,1220198cb2ab49bbaa6563d455e64f81,1,38.0,0.0,iron,0.0,31
894.6011314024217,2,Night,1220198cb2ab49bbaa6563d455e64f81,1,38.0,0.0,iron,0.0,31
895.6040977784432,2,Night,1220198cb2ab49bbaa6563d455e64f81,1,38.0,0.0,iron,0.0,31
896.6060904446058,2,Night,1220198cb2ab49bbaa6563d455e64f81,1,38.0,0.0,iron,0.0,31
897.6134702358395,2,Night,1220198cb2ab49bbaa6563d455e64f81,1,38.0,0.0,iron,0.0,29
898.6135319434106,2,Night,1220198cb2ab49bbaa6563d455e64f81,1,38.0,0.0,iron,0.0,29
899.621082900092,2,Night,1220198cb2ab49bbaa6563d455e64f81,1,38.0,0.0,iron,0.0,29
900.6247593187727,2,Night,1220198cb2ab49bbaa6563d455e64f81,1,38.0,0.0,iron,0.0,29
901.6250386140309,2,Night,1220198cb2ab49bbaa6563d455e64f81,1,38.0,0.0,iron,0.0,29
902.6315037785098,2,Night,1220198cb2ab49bbaa6563d455e64f81,1,38.0,0.0,iron,0.0,27
903.6324443686754,2,Night,1220198cb2ab49bbaa6563d455e64f81,1,38.0,0.0,iron,0.0,27
904.6331159891561,2,Night,1220198cb2ab49bbaa6563d455e64f81,1,38.0,0.0,iron,0.0,27
905.6347429901361,2,Night,1220198cb2ab49bbaa6563d455e64f81,2,38.0,30.0,iron,0.0,26
906.6359373233281,2,Night,1220198cb2ab49bbaa6563d455e64f81,2,38.0,30.0,iron,0.0,26
907.6366200349294,2,Night,1220198cb2ab49bbaa6563d455e64f81,2,38.0,30.0,iron,0.0,23
908.6380622759461,2,Night,1220198cb2ab49bbaa6563d455e64f81,2,38.0,30.0,iron,0.0,21
909.644743102137,2,Night,1220198cb2ab49bbaa6563d455e64f81,2,38.0,30.0,iron,0.0,18
910.6513579781167,2,Night,1220198cb2ab49bbaa6563d455e64f81,2,38.0,30.0,iron,0.0,15
911.6531513491645,2,Night,1220198cb2ab49bbaa6563d455e64f81,2,38.0,30.0,iron,0.0,13
912.6584680615924,2,Night,1220198cb2ab49bbaa6563d455e64f81,2,38.0,30.0,iron,0.0,11
913.6651551057585,2,Night,1220198cb2ab49bbaa6563d455e64f81,2,38.0,30.0,iron,0.0,8
914.6697332672775,2,Night,1220198cb2ab49bbaa6563d455e64f81,2,38.0,30.0,iron,0.0,6
915.6741711450741,2,Night,1220198cb2ab49bbaa6563d455e64f81,1,36.6,30.0,iron,0.0,3
916.6792926881462,2,Night,1220198cb2ab49bbaa6563d455e64f81,1,36.6,30.0,iron,0.0,1
917.6831472283229,2,Night,1220198cb2ab49bbaa6563d455e64f81,1,36.6,30.0,iron,0.0,0
918.6898690625094,2,Night,1220198cb2ab49bbaa6563d455e64f81,1,36.6,30.0,iron,0.0,0
919.6910821073689,2,Night,1220198cb2ab49bbaa6563d455e64f81,1,36.6,30.0,iron,0.0,0
920.6911561884917,2,Night,1220198cb2ab49bbaa6563d455e64f81,2,36.6,0.0,iron,0.0,0
921.6936406493187,2,Night,1220198cb2ab49bbaa6563d455e64f81,2,36.6,0.0,iron,0.0,0
922.6996639440767,2,Night,1220198cb2ab49bbaa6563d455e64f81,2,36.6,0.0,iron,0.0,0
923.7051944420673,2,Night,1220198cb2ab49bbaa6563d455e64f81,2,36.6,0.0,iron,0.0,0
924.7085500690155,2,Night,1220198cb2ab49bbaa6563d455e64f81,2,36.6,0.0,iron,0.0,0
925.7140549006872,2,Night,1220198cb2ab49bbaa6563d455e64f81,2,36.6,0.0,iron,0.0,0
926.720754943788,2,Night,1220198cb2ab49bbaa6563d455e64f81,2,36.6,0.0,iron,0.0,0
927.7287502386607,2,Night,1220198cb2ab49bbaa6563d455e64f81,2,36.6,0.0,iron,0.0,0
928.7304843598977,2,Night,1220198cb2ab49bbaa6563d455e64f81,2,36.6,0.0,iron,0.0,0
929.7313515720889,2,Night,1220198cb2ab49bbaa6563d455e64f81,2,36.6,0.0,iron,0.0,0
930.7396263121627,2,Night,1220198cb2ab49bbaa6563d455e64f81,1,34.0,0.0,iron,0.0,0
931.7424754798412,2,Night,1220198cb2ab49bbaa6563d455e64f81,1,34.0,0.0,iron,0.0,0
932.7458775183186,2,Night,1220198cb2ab49bbaa6563d455e64f81,1,34.0,0.0,iron,0.0,0
933.7505175257102,2,Night,1220198cb2ab49bbaa6563d455e64f81,1,34.0,0.0,iron,0.0,0
934.7514854399487,2,Night,1220198cb2ab49bbaa6563d455e64f81,1,34.0,0.0,iron,0.0,0
935.7566360207275,2,Night,1220198cb2ab49bbaa6563d455e64f81,1,34.0,0.0,iron,0.0,0
936.7627055267803,2,Night,1220198cb2ab49bbaa6563d455e64f81,1,34.0,0.0,iron,0.0,0
937.7672503995709,2,Night,1220198cb2ab49bbaa6563d455e64f81,1,34.0,0.0,iron,0.0,0
938.7713894443586,2,Night,1220198cb2ab49bbaa6563d455e64f81,1,34.0,0.0,iron,0.0,0
939.7722201896831,2,Night,1220198cb2ab49bbaa6563d455e64f81,1,34.0,0.0,iron,0.0,0
940.7763266861439,2,Night,1220198cb2ab49bbaa6563d455e64f81,1,34.0,0.0,iron,0.0,0
941.7801448516548,2,Night,1220198cb2ab49bbaa6563d455e64f81,1,34.0,0.0,iron,0.0,0
942.7823411044665,2,Night,1220198cb2ab49bbaa6563d455e64f81,1,34.0,0.0,iron,0.0,0
943.7866505631246,2,Night,1220198cb2ab49bbaa6563d455e64f81,1,34.0,0.0,iron,0.0,0
944.7884405134246,2,Night,1220198cb2ab49bbaa6563d455e64f81,1,34.0,0.0,iron,0.0,0
945.7919513918459,2,Night,1220198cb2ab49bbaa6563d455e64f81,1,34.0,0.0,iron,0.0,0
946.8843191056512,2,Night,1220198cb2ab49bbaa6563d455e64f81,2,34.0,30.0,iron,0.0,0
947.8887752699666,2,Night,1220198cb2ab49bbaa6563d455e64f81,2,34.0,30.0,iron,0.0,0
948.889956400264,2,Night,1220198cb2ab49bbaa6563d455e64f81,2,34.0,30.0,iron,0.0,0
949.8926551481709,2,Night,1220198cb2ab49bbaa6563d455e64f81,2,34.0,30.0,iron,0.0,0
950.8981806123629,2,Night,1220198cb2ab49bbaa6563d455e64f81,2,34.0,30.0,iron,0.0,0
951.89946565032,2,Night,1220198cb2ab49bbaa6563d455e64f81,2,34.0,30.0,iron,0.0,0
952.9064249824733,2,Night,1220198cb2ab49bbaa6563d455e64f81,2,34.0,30.0,iron,0.0,0
953.9077050695196,2,Night,1220198cb2ab49bbaa6563d455e64f81,2,34.0,30.0,iron,0.0,0
954.9123323578387,2,Night,1220198cb2ab49bbaa6563d455e64f81,2,34.0,30.0,iron,0.0,0
955.9183054049499,2,Night,1220198cb2ab49bbaa6563d455e64f81,2,34.0,30.0,iron,0.0,0
956.9233641442843,2,Night,1220198cb2ab49bbaa6563d455e64f81,1,32.6,30.0,iron,0.0,0
957.923967899289,2,Night,1220198cb2ab49bbaa6563d455e64f81,1,32.6,30.0,iron,0.0,0
958.9262428977527,2,Night,1220198cb2ab49bbaa6563d455e64f81,1,32.6,30.0,iron,0.0,0
959.9288353179581,2,Night,1220198cb2ab49bbaa6563d455e64f81,1,32.6,30.0,iron,0.0,0
960.9301885347813,3,Day,1220198cb2ab49bbaa6563d455e64f81,1,32.6,30.0,iron,0.0,0
961.9365542870946,3,Day,1220198cb2ab49bbaa6563d455e64f81,2,32.6,0.0,iron,0.0,0
962.9394742036238,3,Day,1220198cb2ab49bbaa6563d455e64f81,2,32.6,0.0,iron,0.0,0
963.9452073192224,3,Day,1220198cb2ab49bbaa6563d455e64f81,2,32.6,0.0,iron,0.0,0
964.9466107380576,3,Day,1220198cb2ab49bbaa6563d455e64f81,2,32.6,0.0,iron,0.0,0
965.9476099936292,3,Day,1220198cb2ab49bbaa6563d455e64f81,2,32.6,0.0,iron,0.0,0
966.9485120740719,3,Day,1220198cb2ab49bbaa6563d455e64f81,2,32.6,0.0,iron,0.0,0
967.9485577479936,3,Day,1220198cb2ab49bbaa6563d455e64f81,2,32.6,0.0,iron,0.0,0
968.9539581220597,3,Day,1220198cb2ab49bbaa6563d455e64f81,2,32.6,0.0,iron,0.0,0
969.961143870838,3,Day,1220198cb2ab49bbaa6563d455e64f81,2,32.6,0.0,iron,0.0,0
970.9666024120525,3,Day,1220198cb2ab49bbaa6563d455e64f81,2,32.6,0.0,iron,0.0,0
971.9700486175716,3,Day,1220198cb2ab49bbaa6563d455e64f81,1,30.0,0.0,iron,0.0,0
972.9757176209241,3,Day,1220198cb2ab49bbaa6563d455e64f81,1,30.0,0.0,iron,0.0,0
973.977512198966,3,Day,1220198cb2ab49bbaa6563d455e64f81,1,30.0,0.0,iron,0.0,0
974.9797503212467,3,Day,1220198cb2ab49bbaa6563d455e64f81,1,30.0,0.0,iron,0.0,0
975.9824966574088,3,Day,1220198cb2ab49bbaa6563d455e64f81,1,30.0,0.0,iron,0.0,0
976.985964528285,3,Day,1220198cb2ab49bbaa6563d455e64f81,1,30.0,0.0,iron,0.0,0
977.991582901217,3,Day,1220198cb2ab49bbaa6563d455e64f81,1,30.0,0.0,iron,0.0,0
978.9961202391423,3,Day,1220198cb2ab49bbaa6563d455e64f81,1,30.0,0.0,iron,0.0,0
979.9977412042208,3,Day,1220198cb2ab49bbaa6563d455e64f81,1,30.0,0.0,iron,0.0,0
981.004176618997,3,Day,1220198cb2ab49bbaa6563d455e64f81,1,30.0,0.0,iron,0.0,0
982.0078548197635,3,Day,1220198cb2ab49bbaa6563d455e64f81,1,30.0,0.0,iron,0.0,0
983.011926447507,3,Day,1220198cb2ab49bbaa6563d455e64f81,1,30.0,0.0,iron,0.0,0
984.018918575719,3,Day,1220198cb2ab49bbaa6563d455e64f81,1,30.0,0.0,iron,0.0,0
985.024208616931,3,Day,1220198cb2ab49bbaa6563d455e64f81,1,30.0,0.0,iron,0.0,0
986.0293403593823,3,Day,1220198cb2ab49bbaa6563d455e64f81,1,30.0,0.0,iron,0.0,0
987.0334332380444,3,Day,1220198cb2ab49bbaa6563d455e64f81,1,30.0,0.0,iron,0.0,0
988.0363155654632,3,Day,1220198cb2ab49bbaa6563d455e64f81,1,30.0,0.0,iron,0.0,0
989.0415369071998,3,Day,1220198cb2ab49bbaa6563d455e64f81,2,30.0,30.0,iron,0.0,0
990.007823322434,3,Day,1220198cb2ab49bbaa6563d455e64f81,2,30.0,30.0,iron,0.0,0
991.1724484972656,3,Day,1220198cb2ab49bbaa6563d455e64f81,2,30.0,30.0,iron,0.0,0
992.1804666616954,3,Day,1220198cb2ab49bbaa6563d455e64f81,2,30.0,30.0,iron,0.0,0
993.180951250717,3,Day,1220198cb2ab49bbaa6563d455e64f81,2,30.0,30.0,iron,0.0,0
994.1845975364558,3,Day,1220198cb2ab49bbaa6563d455e64f81,2,30.0,30.0,iron,0.0,0
995.1882480834611,3,Day,1220198cb2ab49bbaa6563d455e64f81,2,30.0,30.0,iron,0.0,0
996.1907239556313,3,Day,1220198cb2ab49bbaa6563d455e64f81,2,30.0,30.0,iron,0.0,0
997.1950960042886,3,Day,1220198cb2ab49bbaa6563d455e64f81,2,30.0,30.0,iron,0.0,0
998.1977296308614,3,Day,1220198cb2ab49bbaa6563d455e64f81,2,30.0,30.0,iron,0.0,0
999.2010683738627,3,Day,1220198cb2ab49bbaa6563d455e64f81,1,28.6,30.0,iron,0.0,0
1000.2085432498716,3,Day,1220198cb2ab49bbaa6563d455e64f81,1,28.6,30.0,iron,0.0,0
1001.2099942043424,3,Day,1220198cb2ab49bbaa6563d455e64f81,1,28.6,30.0,iron,0.0,0
1002.2135067959316,3,Day,1220198cb2ab49bbaa6563d455e64f81,1,28.6,30.0,iron,0.0,0
1003.2188670029864,3,Day,1220198cb2ab49bbaa6563d455e64f81,1,28.6,30.0,iron,0.0,0
1004.2203145134263,3,Day,1220198cb2ab49bbaa6563d455e64f81,2,28.6,0.0,iron,0.0,0
1005.2205684282817,3,Day,1220198cb2ab49bbaa6563d455e64f81,2,28.6,0.0,iron,0.0,0
1006.2224669330753,3,Day,1220198cb2ab49bbaa6563d455e64f81,2,28.6,0.0,iron,0.0,0
1007.2299886331894,3,Day,1220198cb2ab49bbaa6563d455e64f81,2,28.6,0.0,iron,0.0,0
1008.237396760378,3,Day,1220198cb2ab49bbaa6563d455e64f81,2,28.6,0.0,iron,0.0,0
1009.2449634722434,3,Day,1220198cb2ab49bbaa6563d455e64f81,2,28.6,0.0,iron,0.0,0
1010.2504783459008,3,Day,1220198cb2ab49bbaa6563d455e64f81,2,28.6,0.0,iron,0.0,0
1011.2584932632744,3,Day,1220198cb2ab49bbaa6563d455e64f81,2,28.6,0.0,iron,0.0,0
1012.2662374628708,3,Day,1220198cb2ab49bbaa6563d455e64f81,2,28.6,0.0,iron,0.0,0
1013.2687138342299,3,Day,1220198cb2ab49bbaa6563d455e64f81,2,28.6,0.0,iron,0.0,0
1014.2743605915457,3,Day,1220198cb2ab49bbaa6563d455e64f81,1,26.0,0.0,iron,0.0,0
1015.2745854239911,3,Day,1220198cb2ab49bbaa6563d455e64f81,1,26.0,0.0,iron,0.0,0
1016.2750328411348,3,Day,1220198cb2ab49bbaa6563d455e64f81,1,26.0,0.0,iron,0.0,0
1017.2825162936933,3,Day,1220198cb2ab49bbaa6563d455e64f81,1,26.0,0.0,iron,0.0,0
1018.2901986711659,3,Day,1220198cb2ab49bbaa6563d455e64f81,1,26.0,0.0,iron,0.0,0
1019.2954352549277,3,Day,1220198cb2ab49bbaa6563d455e64f81,1,26.0,0.0,iron,0.0,0
1020.2998297107406,3,Day,1220198cb2ab49bbaa6563d455e64f81,1,26.0,0.0,iron,0.0,0
1021.3053275858983,3,Day,1220198cb2ab49bbaa6563d455e64f81,1,26.0,0.0,iron,0.0,0
1022.3093153331429,3,Day,1220198cb2ab49bbaa6563d455e64f81,1,26.0,0.0,iron,0.0,0
1023.3140183724463,3,Day,1220198cb2ab49bbaa6563d455e64f81,1,26.0,0.0,iron,0.0,0
1024.3141693440266,3,Day,1220198cb2ab49bbaa6563d455e64f81,1,26.0,0.0,iron,0.0,0
1025.3175773932599,3,Day,1220198cb2ab49bbaa6563d455e64f81,1,26.0,0.0,iron,0.0,0
1026.3181171822362,3,Day,1220198cb2ab49bbaa6563d455e64f81,1,26.0,0.0,iron,0.0,0
1027.3250762722455,3,Day,1220198cb2ab49bbaa6563d455e64f81,1,26.0,0.0,iron,0.0,0
1028.3268462661654,3,Day,1220198cb2ab49bbaa6563d455e64f81,1,26.0,0.0,iron,0.0,0
1029.334295224864,3,Day,1220198cb2ab49bbaa6563d455e64f81,1,26.0,0.0,iron,0.0,0
1030.3348357221112,3,Day,1220198cb2ab49bbaa6563d455e64f81,1,26.0,0.0,iron,0.0,0
1031.3403216889128,3,Day,1220198cb2ab49bbaa6563d455e64f81,2,26.0,30.0,iron,0.0,0
1032.3447156469338,3,Day,1220198cb2ab49bbaa6563d455e64f81,2,26.0,30.0,iron,0.0,0
1033.3452452728525,3,Day,1220198cb2ab49bbaa6563d455e64f81,2,26.0,30.0,iron,0.0,0
1034.3452202319168,3,Day,1220198cb2ab49bbaa6563d455e64f81,2,26.0,30.0,iron,0.0,0
1035.3514789841138,3,Day,1220198cb2ab49bbaa6563d455e64f81,2,26.0,30.0,iron,0.0,0
1036.352652524598,3,Day,1220198cb2ab49bbaa6563d455e64f81,2,26.0,30.0,iron,0.0,0
1037.355710864067,3,Day,1220198cb2ab49bbaa6563d455e64f81,2,26.0,30.0,iron,0.0,0
1038.3588274871,3,Day,1220198cb2ab49bbaa6563d455e64f81,2,26.0,30.0,iron,0.0,0
1039.3642192394473,3,Day,1220198cb2ab49bbaa6563d455e64f81,2,26.0,30.0,iron,0.0,0
1040.364482649602,3,Day,1220198cb2ab49bbaa6563d455e64f81,2,26.0,30.0,iron,0.0,0
1041.3662244081497,3,Day,1220198cb2ab49bbaa6563d455e64f81,1,24.6,30.0,iron,0.0,0
1042.36903636856,3,Day,1220198cb2ab49bbaa6563d455e64f81,1,24.6,30.0,iron,0.0,0
1043.371514362283,3,Day,1220198cb2ab49bbaa6563d455e64f81,1,24.6,30.0,iron,0.0,0
1044.3742291540839,3,Day,1220198cb2ab49bbaa6563d455e64f81,1,24.6,30.0,iron,0.0,0
1045.374135824386,3,Day,1220198cb2ab49bbaa6563d455e64f81,1,24.6,30.0,iron,0.0,0
1046.3785227453336,3,Day,1220198cb2ab49bbaa6563d455e64f81,2,24.6,0.0,iron,0.0,0
1047.3788805017248,3,Day,1220198cb2ab49bbaa6563d455e64f81,2,24.6,0.0,iron,0.0,0
1048.3818726646714,3,Day,1220198cb2ab49bbaa6563d455e64f81,2,24.6,0.0,iron,0.0,0
1049.3897597035393,3,Day,1220198cb2ab49bbaa6563d455e64f81,2,24.6,0.0,iron,0.0,0
1050.3919378705323,3,Day,1220198cb2ab49bbaa6563d455e64f81,2,24.6,0.0,iron,0.0,0
1051.3987196260132,3,Day,1220198cb2ab49bbaa6563d455e64f81,2,24.6,0.0,iron,0.0,0
1052.4039441235363,3,Day,1220198cb2ab49bbaa6563d455e64f81,2,24.6,0.0,iron,0.0,0
1053.4043476190418,3,Day,1220198cb2ab49bbaa6563d455e64f81,2,24.6,0.0,iron,0.0,0
1054.4079723278992,3,Day,1220198cb2ab49bbaa6563d455e64f81,2,24.6,0.0,iron,0.0,0
1055.4104368700646,3,Day,1220198cb2ab49bbaa6563d455e64f81,2,24.6,0.0,iron,0.0,0
1056.4121981188655,3,Day,1220198cb2ab49bbaa6563d455e64f81,1,22.0,0.0,iron,0.0,0
1057.4130667801946,3,Day,1220198cb2ab49bbaa6563d455e64f81,1,22.0,0.0,iron,0.0,0
1058.4197466126643,3,Day,1220198cb2ab49bbaa6563d455e64f81,1,22.0,0.0,iron,0.0,0
1059.4258476961404,3,Day,1220198cb2ab49bbaa6563d455e64f81,1,22.0,0.0,iron,0.0,0
1060.4279131903313,3,Day,1220198cb2ab49bbaa6563d455e64f81,1,22.0,0.0,iron,0.0,0
1061.4315766906366,3,Day,1220198cb2ab49bbaa6563d455e64f81,1,22.0,0.0,iron,0.0,0
1062.4322328213602,3,Day,1220198cb2ab49bbaa6563d455e64f81,1,22.0,0.0,iron,0.0,0
1063.4397247741,3,Day,1220198cb2ab49bbaa6563d455e64f81,1,22.0,0.0,iron,0.0,0
1064.4418170633726,3,Day,1220198cb2ab49bbaa6563d455e64f81,1,22.0,0.0,iron,0.0,0
1065.4479688107967,3,Day,1220198cb2ab49bbaa6563d455e64f81,1,22.0,0.0,iron,0.0,0
1066.4523891871795,3,Day,1220198cb2ab49bbaa6563d455e64f81,1,22.0,0.0,iron,0.0,0
1067.4577407748438,3,Day,1220198cb2ab49bbaa6563d455e64f81,1,22.0,0.0,iron,0.0,0
1068.4619999397546,3,Day,1220198cb2ab49bbaa6563d455e64f81,1,22.0,0.0,iron,0.0,0
1069.467800151091,3,Day,1220198cb2ab49bbaa6563d455e64f81,1,22.0,0.0,iron,0.0,0
1070.4707182268612,3,Day,1220198cb2ab49bbaa6563d455e64f81,1,22.0,0.0,iron,0.0,0
1071.476461851038,3,Day,1220198cb2ab49bbaa6563d455e64f81,1,22.0,0.0,iron,0.0,0
1072.4817552259192,3,Day,1220198cb2ab49bbaa6563d455e64f81,1,22.0,0.0,iron,0.0,0
1073.4822549377568,3,Day,1220198cb2ab49bbaa6563d455e64f81,2,22.0,30.0,iron,0.0,0
1074.4897659015842,3,Day,1220198cb2ab49bbaa6563d455e64f81,2,22.0,30.0,iron,0.0,0
1075.4962082332931,3,Day,1220198cb2ab49bbaa6563d455e64f81,2,22.0,30.0,iron,0.0,0
1076.497164561879,3,Day,1220198cb2ab49bbaa6563d455e64f81,2,22.0,30.0,iron,0.0,0
1077.5045476900414,3,Day,1220198cb2ab49bbaa6563d455e64f81,2,22.0,30.0,iron,0.0,0
1078.5100278104655,3,Day,1220198cb2ab49bbaa6563d455e64f81,2,22.0,30.0,iron,0.0,0
1079.5145013937727,3,Day,1220198cb2ab49bbaa6563d455e64f81,2,22.0,30.0,iron,0.0,0
1080.5213378015906,3,Day,1220198cb2ab49bbaa6563d455e64f81,2,22.0,30.0,iron,0.0,0
1081.5241826320998,3,Day,1220198cb2ab49bbaa6563d455e64f81,2,22.0,30.0,iron,0.0,0
1082.5267660059035,3,Day,1220198cb2ab49bbaa6563d455e64f81,2,22.0,30.0,iron,0.0,0
1083.5290946792811,3,Day,1220198cb2ab49bbaa6563d455e64f81,1,20.6,30.0,iron,0.0,0
1084.5329390116967,3,Day,1220198cb2ab49bbaa6563d455e64f81,1,20.6,30.0,iron,0.0,0
1085.5399152627215,3,Day,1220198cb2ab49bbaa6563d455e64f81,1,20.6,30.0,iron,0.0,0
1086.5402498925105,3,Day,1220198cb2ab49bbaa6563d455e64f81,1,20.6,30.0,iron,0.0,0
1087.5442332243547,3,Day,1220198cb2ab49bbaa6563d455e64f81,1,20.6,30.0,iron,0.0,0
1088.5454533924349,3,Day,1220198cb2ab49bbaa6563d455e64f81,2,20.6,0.0,iron,0.0,0
1089.5488472641446,3,Day,1220198cb2ab49bbaa6563d455e64f81,2,20.6,0.0,iron,0.0,0
1090.5568945151754,3,Day,1220198cb2ab49bbaa6563d455e64f81,2,20.6,0.0,iron,0.0,0
1091.5638252254575,3,Day,1220198cb2ab49bbaa6563d455e64f81,2,20.6,0.0,iron,0.0,0
1092.5646597668529,3,Day,1220198cb2ab49bbaa6563d455e64f81,2,20.6,0.0,iron,0.0,0
1093.5705769783817,3,Day,1220198cb2ab49bbaa6563d455e64f81,2,20.6,0.0,iron,0.0,0
1094.572124266997,3,Day,1220198cb2ab49bbaa6563d455e64f81,2,20.6,0.0,iron,0.0,0
1095.5777782630175,3,Day,1220198cb2ab49bbaa6563d455e64f81,2,20.6,0.0,iron,0.0,0
1096.5808686790988,3,Day,1220198cb2ab49bbaa6563d455e64f81,2,20.6,0.0,iron,0.0,0
1097.587277055718,3,Day,1220198cb2ab49bbaa6563d455e64f81,2,20.6,0.0,iron,0.0,0
1098.5936913532205,3,Day,1220198cb2ab49bbaa6563d455e64f81,1,18.0,0.0,iron,0.0,0
1099.5941350576468,3,Day,1220198cb2ab49bbaa6563d455e64f81,1,18.0,0.0,iron,0.0,0
1100.5973306400701,3,Day,1220198cb2ab49bbaa6563d455e64f81,1,18.0,0.0,iron,0.0,0
1101.6002653036267,3,Day,1220198cb2ab49bbaa6563d455e64f81,1,18.0,0.0,iron,0.0,0
1102.608242972754,3,Day,1220198cb2ab49bbaa6563d455e64f81,1,18.0,0.0,iron,0.0,0
1103.6134248869494,3,Day,1220198cb2ab49bbaa6563d455e64f81,1,18.0,0.0,iron,0.0,0
1104.6206503845751,3,Day,1220198cb2ab49bbaa6563d455e64f81,1,18.0,0.0,iron,0.0,0
1105.6221500085667,3,Day,1220198cb2ab49bbaa6563d455e64f81,1,18.0,0.0,iron,0.0,0
1106.627471422311,3,Day,1220198cb2ab49bbaa6563d455e64f81,1,18.0,0.0,iron,0.0,0
1107.6277801641263,3,Day,1220198cb2ab49bbaa6563d455e64f81,1,18.0,0.0,iron,0.0,0
1108.6296368329786,3,Day,1220198cb2ab49bbaa6563d455e64f81,1,18.0,0.0,iron,0.0,0
1109.6369110411033,3,Day,1220198cb2ab49bbaa6563d455e64f81,1,18.0,0.0,iron,0.0,0
1110.6399022550322,3,Day,1220198cb2ab49bbaa6563d455e64f81,1,18.0,0.0,iron,0.0,0
1111.6430221670307,3,Day,1220198cb2ab49bbaa6563d455e64f81,1,18.0,0.0,iron,0.0,0
1112.6481337132864,3,Day,1220198cb2ab49bbaa6563d455e64f81,1,18.0,0.0,iron,0.0,0
1113.6496254219674,3,Day,1220198cb2ab49bbaa6563d455e64f81,1,18.0,0.0,iron,0.0,0
1114.6528292112052,3,Day,1220198cb2ab49bbaa6563d455e64f81,1,18.0,0.0,iron,0.0,0
1115.6565014142543,3,Day,1220198cb2ab49bbaa6563d455e64f81,2,18.0,30.0,iron,0.0,0
1116.6575728729367,3,Day,1220198cb2ab49bbaa6563d455e64f81,2,18.0,30.0,iron,0.0,0
1117.660375630483,3,Day,1220198cb2ab49bbaa6563d455e64f81,2,18.0,30.0,iron,0.0,0
1118.6631282526068,3,Day,1220198cb2ab49bbaa6563d455e64f81,2,18.0,30.0,iron,0.0,0
1119.6647488768212,3,Day,1220198cb2ab49bbaa6563d455e64f81,2,18.0,30.0,iron,0.0,0
1120.6697509191,3,Day,1220198cb2ab49bbaa6563d455e64f81,2,18.0,30.0,iron,0.0,0
1121.6744114933535,3,Day,1220198cb2ab49bbaa6563d455e64f81,2,18.0,30.0,iron,0.0,0
1122.6781888222322,3,Day,1220198cb2ab49bbaa6563d455e64f81,2,18.0,30.0,iron,0.0,0
1123.6820274409838,3,Day,1220198cb2ab49bbaa6563d455e64f81,2,18.0,30.0,iron,0.0,0
1124.6864529871382,3,Day,1220198cb2ab49bbaa6563d455e64f81,2,18.0,30.0,iron,0.0,0
1125.6866936143488,3,Day,1220198cb2ab49bbaa6563d455e64f81,1,16.6,30.0,iron,0.0,0
1126.688484863378,3,Day,1220198cb2ab49bbaa6563d455e64f81,1,16.6,30.0,iron,0.0,0
1127.6901442361996,3,Day,1220198cb2ab49bbaa6563d455e64f81,1,16.6,30.0,iron,0.0,0
1128.6958620292135,3,Day,1220198cb2ab49bbaa6563d455e64f81,1,16.6,30.0,iron,0.0,0
1129.6973970714025,3,Day,1220198cb2ab49bbaa6563d455e64f81,1,16.6,30.0,iron,0.0,0
1130.7007279838435,3,Day,1220198cb2ab49bbaa6563d455e64f81,2,16.6,0.0,iron,0.0,0
1131.7060068594292,3,Day,1220198cb2ab49bbaa6563d455e64f81,2,16.6,0.0,iron,0.0,0
1132.7110377671197,3,Day,1220198cb2ab49bbaa6563d455e64f81,2,16.6,0.0,iron,0.0,0
1133.7150545632467,3,Day,1220198cb2ab49bbaa6563d455e64f81,2,16.6,0.0,iron,0.0,0
1134.7203605207615,3,Day,1220198cb2ab49bbaa6563d455e64f81,2,16.6,0.0,iron,0.0,0
1135.7240935233422,3,Day,1220198cb2ab49bbaa6563d455e64f81,2,16.6,0.0,iron,0.0,0
1136.7255358570255,3,Day,1220198cb2ab49bbaa6563d455e64f81,2,16.6,0.0,iron,0.0,0
1137.727925478015,3,Day,1220198cb2ab49bbaa6563d455e64f81,2,16.6,0.0,iron,0.0,0
1138.7298869802617,3,Day,1220198cb2ab49bbaa6563d455e64f81,2,16.6,0.0,iron,0.0,0
1139.7337015187368,3,Day,1220198cb2ab49bbaa6563d455e64f81,2,16.6,0.0,iron,0.0,0
1140.7339197299443,3,Day,1220198cb2ab49bbaa6563d455e64f81,1,14.000000000000002,0.0,iron,0.0,0
1141.7402526852675,3,Day,1220198cb2ab49bbaa6563d455e64f81,1,14.000000000000002,0.0,iron,0.0,0
1142.7453297665343,3,Day,1220198cb2ab49bbaa6563d455e64f81,1,14.000000000000002,0.0,iron,0.0,0
1143.7494658934884,3,Day,1220198cb2ab49bbaa6563d455e64f81,1,14.000000000000002,0.0,iron,0.0,0
1144.7543135187589,3,Day,1220198cb2ab49bbaa6563d455e64f81,1,14.000000000000002,0.0,iron,0.0,0
1145.756397107616,3,Day,1220198cb2ab49bbaa6563d455e64f81,1,14.000000000000002,0.0,iron,0.0,0
1146.7615064419806,3,Day,1220198cb2ab49bbaa6563d455e64f81,1,14.000000000000002,0.0,iron,0.0,0
1147.7666069329716,3,Day,1220198cb2ab49bbaa6563d455e64f81,1,14.000000000000002,0.0,iron,0.0,0
1148.7719275620766,3,Day,1220198cb2ab49bbaa6563d455e64f81,1,14.000000000000002,0.0,iron,0.0,0
1149.7754518524744,3,Day,1220198cb2ab49bbaa6563d455e64f81,1,14.000000000000002,0.0,iron,0.0,0
1150.7822396429256,3,Day,1220198cb2ab49bbaa6563d455e64f81,1,14.000000000000002,0.0,iron,0.0,0
1151.7907981448807,3,Day,1220198cb2ab49bbaa6563d455e64f81,1,14.000000000000002,0.0,iron,0.0,0
1152.7910435213707,3,Day,1220198cb2ab49bbaa6563d455e64f81,1,14.000000000000002,0.0,iron,0.0,0
1153.7941970233805,3,Day,1220198cb2ab49bbaa6563d455e64f81,1,14.000000000000002,0.0,iron,0.0,0
1154.7947207689285,3,Day,1220198cb2ab49bbaa6563d455e64f81,1,14.000000000000002,0.0,iron,0.0,0
1155.7984513537958,3,Day,1220198cb2ab49bbaa6563d455e64f81,1,14.000000000000002,0.0,iron,0.0,0
1156.8901203130372,3,Day,1220198cb2ab49bbaa6563d455e64f81,2,14.000000000000002,30.0,iron,0.0,0
1157.8967415983789,3,Day,1220198cb2ab49bbaa6563d455e64f81,2,14.000000000000002,30.0,iron,0.0,0
1158.8979853922501,3,Day,1220198cb2ab49bbaa6563d455e64f81,2,14.000000000000002,30.0,iron,0.0,0
1159.9050686759874,3,Day,1220198cb2ab49bbaa6563d455e64f81,2,14.000000000000002,30.0,iron,0.0,0
1160.9079919224605,3,Day,1220198cb2ab49bbaa6563d455e64f81,2,14.000000000000002,30.0,iron,0.0,0
1161.9134502937086,3,Day,1220198cb2ab49bbaa6563d455e64f81,2,14.000000000000002,30.0,iron,0.0,0
1162.916099629365,3,Day,1220198cb2ab49bbaa6563d455e64f81,2,14.000000000000002,30.0,iron,0.0,0
1163.9225697931834,3,Day,1220198cb2ab49bbaa6563d455e64f81,2,14.000000000000002,30.0,iron,0.0,0
1164.9258513753302,3,Day,1220198cb2ab49bbaa6563d455e64f81,2,14.000000000000002,30.0,iron,0.0,0
1165.9281386267394,3,Day,1220198cb2ab49bbaa6563d455e64f81,2,14.000000000000002,30.0,iron,0.0,0
1166.9315398749895,3,Day,1220198cb2ab49bbaa6563d455e64f81,1,12.600000000000001,30.0,iron,0.0,0
1167.932347048074,3,Day,1220198cb2ab49bbaa6563d455e64f81,1,12.600000000000001,30.0,iron,0.0,0
1168.9345808331855,3,Day,1220198cb2ab49bbaa6563d455e64f81,1,12.600000000000001,30.0,iron,0.0,0
1169.9424317968078,3,Day,1220198cb2ab49bbaa6563d455e64f81,1,12.600000000000001,30.0,iron,0.0,0
1170.9504328332841,3,Day,1220198cb2ab49bbaa6563d455e64f81,1,12.600000000000001,30.0,iron,0.0,0
1171.95253490936,3,Day,1220198cb2ab49bbaa6563d455e64f81,2,12.600000000000001,0.0,iron,0.0,0
1172.956762995571,3,Day,1220198cb2ab49bbaa6563d455e64f81,2,12.600000000000001,0.0,iron,0.0,0
1173.9604339934886,3,Day,1220198cb2ab49bbaa6563d455e64f81,2,12.600000000000001,0.0,iron,0.0,0
1174.967509789858,3,Day,1220198cb2ab49bbaa6563d455e64f81,2,12.600000000000001,0.0,iron,0.0,0
1175.9733944092877,3,Day,1220198cb2ab49bbaa6563d455e64f81,2,12.600000000000001,0.0,iron,0.0,0
1176.9757148711942,3,Day,1220198cb2ab49bbaa6563d455e64f81,2,12.600000000000001,0.0,iron,0.0,0
1177.9763524169102,3,Day,1220198cb2ab49bbaa6563d455e64f81,2,12.600000000000001,0.0,iron,0.0,0
1178.9835487143137,3,Day,1220198cb2ab49bbaa6563d455e64f81,2,12.600000000000001,0.0,iron,0.0,0
1179.9898112611845,3,Day,1220198cb2ab49bbaa6563d455e64f81,2,12.600000000000001,0.0,iron,0.0,0
1180.9916213909164,3,Day,1220198cb2ab49bbaa6563d455e64f81,2,12.600000000000001,0.0,iron,0.0,0
1181.9931254712865,3,Day,1220198cb2ab49bbaa6563d455e64f81,1,10.000000000000002,0.0,iron,0.0,0
1182.9937025057152,3,Day,1220198cb2ab49bbaa6563d455e64f81,1,10.000000000000002,0.0,iron,0.0,0
1184.0004655020311,3,Day,1220198cb2ab49bbaa6563d455e64f81,1,10.000000000000002,0.0,iron,0.0,0
1185.0024553379044,3,Day,1220198cb2ab49bbaa6563d455e64f81,1,10.000000000000002,0.0,iron,0.0,0
1186.0025844210759,3,Day,1220198cb2ab49bbaa6563d455e64f81,3,10.000000000000002,0.0,iron,0.0,0
1187.0076740439981,3,Day,1220198cb2ab49bbaa6563d455e64f81,3,10.000000000000002,0.0,iron,0.0,0
1188.0142490412109,3,Day,1220198cb2ab49bbaa6563d455e64f81,3,10.000000000000002,0.0,iron,0.0,0
1189.016024788376,3,Day,1220198cb2ab49bbaa6563d455e64f81,3,10.000000000000002,0.0,iron,0.0,0
1190.1418994138949,3,Day,1220198cb2ab49bbaa6563d455e64f81,3,10.000000000000002,0.0,iron,0.0,0
1191.148317212239,3,Day,1220198cb2ab49bbaa6563d455e64f81,3,10.000000000000002,0.0,iron,0.0,0
1192.150227128528,3,Day,1220198cb2ab49bbaa6563d455e64f81,3,10.000000000000002,0.0,iron,0.0,0
1193.1574489641935,3,Day,1220198cb2ab49bbaa6563d455e64f81,3,10.000000000000002,0.0,iron,0.0,0
1194.1603416311555,3,Day,1220198cb2ab49bbaa6563d455e64f81,3,10.000000000000002,0.0,iron,0.0,0
1195.1634527971037,3,Day,1220198cb2ab49bbaa6563d455e64f81,3,10.000000000000002,0.0,iron,0.0,0
1196.1645367983729,3,Day,1220198cb2ab49bbaa6563d455e64f81,3,10.000000000000002,0.0,iron,0.0,0
1197.1668118047528,3,Day,1220198cb2ab49bbaa6563d455e64f81,3,10.000000000000002,0.0,iron,0.0,0
1198.1681359270588,3,Day,1220198cb2ab49bbaa6563d455e64f81,3,10.000000000000002,0.0,iron,0.0,0
1199.1686432664283,3,Day,1220198cb2ab49bbaa6563d455e64f81,0,10.000000000000002,30.0,iron,0.0,0
1200.171642597299,3,Day,1220198cb2ab49bbaa6563d455e64f81,0,10.000000000000002,30.0,iron,0.0,0
1201.179078756366,3,Day,1220198cb2ab49bbaa6563d455e64f81,0,10.000000000000002,30.0,iron,0.0,0
1202.1792161366902,3,Day,1220198cb2ab49bbaa6563d455e64f81,0,10.000000000000002,30.0,iron,0.0,0
1203.1862091789953,3,Day,1220198cb2ab49bbaa6563d455e64f81,0,10.000000000000002,30.0,iron,0.0,0
1204.1930996323936,3,Day,1220198cb2ab49bbaa6563d455e64f81,0,10.000000000000002,30.0,iron,0.0,0
1205.1973341824487,3,Day,1220198cb2ab49bbaa6563d455e64f81,0,10.000000000000002,30.0,iron,0.0,0
1206.2036007214338,3,Day,1220198cb2ab49bbaa6563d455e64f81,0,10.000000000000002,30.0,iron,0.0,0
1207.2071320093237,3,Day,1220198cb2ab49bbaa6563d455e64f81,0,10.000000000000002,30.0,iron,0.0,0
1208.2074514282867,3,Day,1220198cb2ab49bbaa6563d455e64f81,0,10.000000000000002,30.0,iron,0.0,0
1209.2109255166724,3,Day,1220198cb2ab49bbaa6563d455e64f81,0,10.000000000000002,30.0,iron,0.0,0
1210.210998475086,3,Day,1220198cb2ab49bbaa6563d455e64f81,0,10.000000000000002,30.0,iron,0.0,0
1211.215358640533,3,Day,1220198cb2ab49bbaa6563d455e64f81,0,10.000000000000002,30.0,iron,0.0,0
1212.115839854814,3,Day,1220198cb2ab49bbaa6563d455e64f81,0,10.000000000000002,30.0,iron,0.0,0
1212.115839854814,3,Day,1220198cb2ab49bbaa6563d455e64f81,0,10.000000000000002,30.0,iron,0.0,0
1212.115839854814,3,Day,1220198cb2ab49bbaa6563d455e64f81,0,10.000000000000002,30.0,iron,0.0,0
1212.115839854814,3,Day,1220198cb2ab49bbaa6563d455e64f81,0,10.000000000000002,30.0,iron,0.0,0
1212.115839854814,3,Day,1220198cb2ab49bbaa6563d455e64f81,0,10.000000000000002,30.0,iron,0.0,0
1212.115839854814,3,Day,1220198cb2ab49bbaa6563d455e64f81,0,10.000000000000002,30.0,iron,0.0,0
1212.115839854814,3,Day,1220198cb2ab49bbaa6563d455e64f81,0,10.000000000000002,30.0,iron,0.0,0
1212.115839854814,3,Day,1220198cb2ab49bbaa6563d455e64f81,0,10.000000000000002,30.0,iron,0.0,0
1212.115839854814,3,Day,1220198cb2ab49bbaa6563d455e64f81,0,10.000000000000002,30.0,iron,0.0,0
1212.115839854814,3,Day,1220198cb2ab49bbaa6563d455e64f81,0,10.000000000000002,30.0,iron,0.0,0
1212.115839854814,3,Day,1220198cb2ab49bbaa6563d455e64f81,0,10.000000000000002,30.0,iron,0.0,0
1212.115839854814,3,Day,1220198cb2ab49bbaa6563d455e64f81,0,10.000000000000002,30.0,iron,0.0,0
1212.115839854814,3,Day,1220198cb2ab49bbaa6563d455e64f81,0,10.000000000000002,30.0,iron,0.0,0
1212.115839854814,3,Day,1220198cb2ab49bbaa6563d455e64f81,0,10.000000000000002,30.0,iron,0.0,0
1212.115839854814,3,Day,1220198cb2ab49bbaa6563d455e64f81,0,10.000000000000002,30.0,iron,0.0,0
1212.115839854814,3,Day,1220198cb2ab49bbaa6563d455e64f81,0,10.000000000000002,30.0,iron,0.0,0
1212.115839854814,3,Day,1220198cb2ab49bbaa6563d455e64f81,0,10.000000000000002,30.0,iron,0.0,0
1212.115839854814,3,Day,1220198cb2ab49bbaa6563d455e64f81,0,10.000000000000002,30.0,iron,0.0,0
1212.115839854814,3,Day,1220198cb2ab49bbaa6563d455e64f81,0,10.000000000000002,30.0,iron,0.0,0
1212.115839854814,3,Day,1220198cb2ab49bbaa6563d455e64f81,0,10.000000000000002,30.0,iron,0.0,0
1212.115839854814,3,Day,1220198cb2ab49bbaa6563d455e64f81,0,10.000000000000002,30.0,iron,0.0,0
1212.115839854814,3,Day,1220198cb2ab49bbaa6563d455e64f81,0,10.000000000000002,30.0,iron,0.0,0
1212.115839854814,3,Day,1220198cb2ab49bbaa6563d455e64f81,0,10.000000000000002,30.0,iron,0.0,0
1212.115839854814,3,Day,1220198cb2ab49bbaa6563d455e64f81,0,10.000000000000002,30.0,iron,0.0,0
1212.115839854814,3,Day,1220198cb2ab49bbaa6563d455e64f81,0,10.000000000000002,30.0,iron,0.0,0
1212.115839854814,3,Day,1220198cb2ab49bbaa6563d455e64f81,0,10.000000000000002,30.0,iron,0.0,0
1212.115839854814,3,Day,1220198cb2ab49bbaa6563d455e64f81,0,10.000000000000002,30.0,iron,0.0,0
