day,base,resource,operation,events,requested,delta
1,d3478f2b4e5d4d72b0188459fbdbc462,coal,production-output,215,215.0,215.0
1,d3478f2b4e5d4d72b0188459fbdbc462,iron,deposit,7,210.0,210.0
1,d3478f2b4e5d4d72b0188459fbdbc462,iron,production-output,215,215.0,215.0
1,d3478f2b4e5d4d72b0188459fbdbc462,iron,withdraw,1,10.0,-10.0
1,d5cea6c82cc04e2ca6fcf18a94493419,coal,production-output,237,237.0,237.0
1,d5cea6c82cc04e2ca6fcf18a94493419,coal,withdraw,1,50.0,-50.0
1,d5cea6c82cc04e2ca6fcf18a94493419,copper,production-output,84,84.0,84.0
1,d5cea6c82cc04e2ca6fcf18a94493419,iron,production-output,474,474.0,474.0
1,d5cea6c82cc04e2ca6fcf18a94493419,iron,withdraw,33,287.0,-287.0
1,d5cea6c82cc04e2ca6fcf18a94493419,nanometal,production-output,3,3.0,3.0
1,d5cea6c82cc04e2ca6fcf18a94493419,plasma_ore,production-output,7,7.0,7.0
1,d5cea6c82cc04e2ca6fcf18a94493419,titanium,production-output,42,42.0,42.0
1,d5cea6c82cc04e2ca6fcf18a94493419,tungsten,production-output,21,21.0,21.0
1,d5cea6c82cc04e2ca6fcf18a94493419,uranium,production-output,9,9.0,9.0
2,d3478f2b4e5d4d72b0188459fbdbc462,coal,production-output,240,240.0,240.0
2,d3478f2b4e5d4d72b0188459fbdbc462,iron,deposit,12,360.0,360.0
2,d3478f2b4e5d4d72b0188459fbdbc462,iron,production-output,240,240.0,240.0
2,d5cea6c82cc04e2ca6fcf18a94493419,coal,production-output,240,240.0,240.0
2,d5cea6c82cc04e2ca6fcf18a94493419,coal,withdraw,1,50.0,-50.0
2,d5cea6c82cc04e2ca6fcf18a94493419,copper,production-output,96,96.0,96.0
2,d5cea6c82cc04e2ca6fcf18a94493419,iron,production-output,480,480.0,480.0
2,d5cea6c82cc04e2ca6fcf18a94493419,iron,withdraw,11,330.0,-330.0
2,d5cea6c82cc04e2ca6fcf18a94493419,nanometal,production-output,4,4.0,4.0
2,d5cea6c82cc04e2ca6fcf18a94493419,plasma_ore,production-output,8,8.0,8.0
2,d5cea6c82cc04e2ca6fcf18a94493419,titanium,production-output,48,48.0,48.0
2,d5cea6c82cc04e2ca6fcf18a94493419,tungsten,production-output,24,24.0,24.0
2,d5cea6c82cc04e2ca6fcf18a94493419,uranium,production-output,11,11.0,11.0
3,d3478f2b4e5d4d72b0188459fbdbc462,coal,production-output,240,240.0,240.0
3,d3478f2b4e5d4d72b0188459fbdbc462,iron,deposit,11,330.0,330.0
3,d3478f2b4e5d4d72b0188459fbdbc462,iron,production-output,240,240.0,240.0
3,d5cea6c82cc04e2ca6fcf18a94493419,coal,production-output,240,240.0,240.0
3,d5cea6c82cc04e2ca6fcf18a94493419,coal,withdraw,1,50.0,-50.0
3,d5cea6c82cc04e2ca6fcf18a94493419,copper,production-output,96,96.0,96.0
3,d5cea6c82cc04e2ca6fcf18a94493419,iron,production-output,480,480.0,480.0
3,d5cea6c82cc04e2ca6fcf18a94493419,iron,withdraw,11,330.0,-330.0
3,d5cea6c82cc04e2ca6fcf18a94493419,nanometal,production-output,4,4.0,4.0
3,d5cea6c82cc04e2ca6fcf18a94493419,plasma_ore,production-output,8,8.0,8.0
3,d5cea6c82cc04e2ca6fcf18a94493419,titanium,production-output,48,48.0,48.0
3,d5cea6c82cc04e2ca6fcf18a94493419,tungsten,production-output,24,24.0,24.0
3,d5cea6c82cc04e2ca6fcf18a94493419,uranium,production-output,10,10.0,10.0
4,d3478f2b4e5d4d72b0188459fbdbc462,coal,production-output,240,240.0,240.0
4,d3478f2b4e5d4d72b0188459fbdbc462,iron,deposit,11,330.0,330.0
4,d3478f2b4e5d4d72b0188459fbdbc462,iron,production-output,240,240.0,240.0
4,d5cea6c82cc04e2ca6fcf18a94493419,coal,production-output,240,240.0,240.0
4,d5cea6c82cc04e2ca6fcf18a94493419,coal,withdraw,1,50.0,-50.0
4,d5cea6c82cc04e2ca6fcf18a94493419,copper,production-output,96,96.0,96.0
4,d5cea6c82cc04e2ca6fcf18a94493419,iron,production-output,480,480.0,480.0
4,d5cea6c82cc04e2ca6fcf18a94493419,iron,withdraw,12,360.0,-360.0
4,d5cea6c82cc04e2ca6fcf18a94493419,nanometal,production-output,4,4.0,4.0
4,d5cea6c82cc04e2ca6fcf18a94493419,plasma_ore,production-output,8,8.0,8.0
4,d5cea6c82cc04e2ca6fcf18a94493419,titanium,production-output,48,48.0,48.0
4,d5cea6c82cc04e2ca6fcf18a94493419,tungsten,production-output,24,24.0,24.0
4,d5cea6c82cc04e2ca6fcf18a94493419,uranium,production-output,11,11.0,11.0
5,d3478f2b4e5d4d72b0188459fbdbc462,coal,production-output,240,240.0,240.0
5,d3478f2b4e5d4d72b0188459fbdbc462,iron,deposit,12,360.0,360.0
5,d3478f2b4e5d4d72b0188459fbdbc462,iron,production-output,240,240.0,240.0
5,d5cea6c82cc04e2ca6fcf18a94493419,coal,production-output,240,240.0,240.0
5,d5cea6c82cc04e2ca6fcf18a94493419,coal,withdraw,1,50.0,-50.0
5,d5cea6c82cc04e2ca6fcf18a94493419,copper,production-output,96,96.0,96.0
5,d5cea6c82cc04e2ca6fcf18a94493419,iron,production-output,480,480.0,480.0
5,d5cea6c82cc04e2ca6fcf18a94493419,iron,withdraw,11,330.0,-330.0
5,d5cea6c82cc04e2ca6fcf18a94493419,nanometal,production-output,4,4.0,4.0
5,d5cea6c82cc04e2ca6fcf18a94493419,plasma_ore,production-output,8,8.0,8.0
5,d5cea6c82cc04e2ca6fcf18a94493419,titanium,production-output,48,48.0,48.0
5,d5cea6c82cc04e2ca6fcf18a94493419,tungsten,production-output,24,24.0,24.0
5,d5cea6c82cc04e2ca6fcf18a94493419,uranium,production-output,11,11.0,11.0
6,d3478f2b4e5d4d72b0188459fbdbc462,coal,production-output,240,240.0,240.0
6,d3478f2b4e5d4d72b0188459fbdbc462,iron,deposit,11,330.0,330.0
6,d3478f2b4e5d4d72b0188459fbdbc462,iron,production-output,240,240.0,240.0
6,d5cea6c82cc04e2ca6fcf18a94493419,coal,production-output,240,240.0,240.0
6,d5cea6c82cc04e2ca6fcf18a94493419,coal,withdraw,1,50.0,-50.0
6,d5cea6c82cc04e2ca6fcf18a94493419,copper,production-output,96,96.0,96.0
6,d5cea6c82cc04e2ca6fcf18a94493419,iron,production-output,480,480.0,480.0
6,d5cea6c82cc04e2ca6fcf18a94493419,iron,withdraw,12,360.0,-360.0
6,d5cea6c82cc04e2ca6fcf18a94493419,nanometal,production-output,4,4.0,4.0
6,d5cea6c82cc04e2ca6fcf18a94493419,plasma_ore,production-output,8,8.0,8.0
6,d5cea6c82cc04e2ca6fcf18a94493419,titanium,production-output,48,48.0,48.0
6,d5cea6c82cc04e2ca6fcf18a94493419,tungsten,production-output,24,24.0,24.0
6,d5cea6c82cc04e2ca6fcf18a94493419,uranium,production-output,10,10.0,10.0
7,d3478f2b4e5d4d72b0188459fbdbc462,coal,production-output,240,240.0,240.0
7,d3478f2b4e5d4d72b0188459fbdbc462,iron,deposit,12,360.0,360.0
7,d3478f2b4e5d4d72b0188459fbdbc462,iron,production-output,240,240.0,240.0
7,d5cea6c82cc04e2ca6fcf18a94493419,coal,production-output,240,240.0,240.0
7,d5cea6c82cc04e2ca6fcf18a94493419,coal,withdraw,1,50.0,-50.0
7,d5cea6c82cc04e2ca6fcf18a94493419,copper,production-output,96,96.0,96.0
7,d5cea6c82cc04e2ca6fcf18a94493419,iron,production-output,480,480.0,480.0
7,d5cea6c82cc04e2ca6fcf18a94493419,iron,withdraw,11,330.0,-330.0
7,d5cea6c82cc04e2ca6fcf18a94493419,nanometal,production-output,4,4.0,4.0
7,d5cea6c82cc04e2ca6fcf18a94493419,plasma_ore,production-output,8,8.0,8.0
7,d5cea6c82cc04e2ca6fcf18a94493419,titanium,production-output,48,48.0,48.0
7,d5cea6c82cc04e2ca6fcf18a94493419,tungsten,production-output,24,24.0,24.0
7,d5cea6c82cc04e2ca6fcf18a94493419,uranium,production-output,11,11.0,11.0
8,d3478f2b4e5d4d72b0188459fbdbc462,coal,production-output,240,240.0,240.0
8,d3478f2b4e5d4d72b0188459fbdbc462,iron,deposit,11,330.0,330.0
8,d3478f2b4e5d4d72b0188459fbdbc462,iron,production-output,240,240.0,240.0
8,d5cea6c82cc04e2ca6fcf18a94493419,coal,production-output,240,240.0,240.0
8,d5cea6c82cc04e2ca6fcf18a94493419,coal,withdraw,1,50.0,-50.0
8,d5cea6c82cc04e2ca6fcf18a94493419,copper,production-output,96,96.0,96.0
8,d5cea6c82cc04e2ca6fcf18a94493419,iron,production-output,480,480.0,480.0
8,d5cea6c82cc04e2ca6fcf18a94493419,iron,withdraw,12,360.0,-360.0
8,d5cea6c82cc04e2ca6fcf18a94493419,nanometal,production-output,4,4.0,4.0
8,d5cea6c82cc04e2ca6fcf18a94493419,plasma_ore,production-output,8,8.0,8.0
8,d5cea6c82cc04e2ca6fcf18a94493419,titanium,production-output,48,48.0,48.0
8,d5cea6c82cc04e2ca6fcf18a94493419,tungsten,production-output,24,24.0,24.0
8,d5cea6c82cc04e2ca6fcf18a94493419,uranium,production-output,11,11.0,11.0
9,d3478f2b4e5d4d72b0188459fbdbc462,coal,production-output,240,240.0,240.0
9,d3478f2b4e5d4d72b0188459fbdbc462,iron,deposit,12,360.0,360.0
9,d3478f2b4e5d4d72b0188459fbdbc462,iron,production-output,240,240.0,240.0
9,d5cea6c82cc04e2ca6fcf18a94493419,coal,production-output,240,240.0,240.0
9,d5cea6c82cc04e2ca6fcf18a94493419,coal,withdraw,2,88.0,-88.0
9,d5cea6c82cc04e2ca6fcf18a94493419,copper,production-output,96,96.0,96.0
9,d5cea6c82cc04e2ca6fcf18a94493419,iron,production-output,480,480.0,480.0
9,d5cea6c82cc04e2ca6fcf18a94493419,iron,withdraw,11,330.0,-330.0
9,d5cea6c82cc04e2ca6fcf18a94493419,nanometal,production-output,4,4.0,4.0
9,d5cea6c82cc04e2ca6fcf18a94493419,plasma_ore,production-output,8,8.0,8.0
9,d5cea6c82cc04e2ca6fcf18a94493419,titanium,production-output,48,48.0,48.0
9,d5cea6c82cc04e2ca6fcf18a94493419,tungsten,production-output,24,24.0,24.0
9,d5cea6c82cc04e2ca6fcf18a94493419,uranium,production-output,10,10.0,10.0
10,d3478f2b4e5d4d72b0188459fbdbc462,coal,production-output,240,240.0,240.0
10,d3478f2b4e5d4d72b0188459fbdbc462,iron,deposit,11,330.0,330.0
10,d3478f2b4e5d4d72b0188459fbdbc462,iron,production-output,240,240.0,240.0
10,d5cea6c82cc04e2ca6fcf18a94493419,coal,production-output,240,240.0,240.0
10,d5cea6c82cc04e2ca6fcf18a94493419,coal,withdraw,1,44.00000000000001,-44.0
10,d5cea6c82cc04e2ca6fcf18a94493419,copper,production-output,96,96.0,96.0
10,d5cea6c82cc04e2ca6fcf18a94493419,iron,production-output,480,480.0,480.0
10,d5cea6c82cc04e2ca6fcf18a94493419,iron,withdraw,11,330.0,-330.0
10,d5cea6c82cc04e2ca6fcf18a94493419,nanometal,production-output,4,4.0,4.0
10,d5cea6c82cc04e2ca6fcf18a94493419,plasma_ore,production-output,8,8.0,8.0
10,d5cea6c82cc04e2ca6fcf18a94493419,titanium,production-output,48,48.0,48.0
10,d5cea6c82cc04e2ca6fcf18a94493419,tungsten,production-output,24,24.0,24.0
10,d5cea6c82cc04e2ca6fcf18a94493419,uranium,production-output,11,11.0,11.0
11,d3478f2b4e5d4d72b0188459fbdbc462,coal,production-output,13,13.0,13.0
11,d3478f2b4e5d4d72b0188459fbdbc462,iron,production-output,13,13.0,13.0
11,d5cea6c82cc04e2ca6fcf18a94493419,coal,production-output,13,13.0,13.0
11,d5cea6c82cc04e2ca6fcf18a94493419,copper,production-output,5,5.0,5.0
11,d5cea6c82cc04e2ca6fcf18a94493419,iron,production-output,26,26.0,26.0
11,d5cea6c82cc04e2ca6fcf18a94493419,iron,withdraw,1,30.0,-30.0
11,d5cea6c82cc04e2ca6fcf18a94493419,titanium,production-output,2,2.0,2.0
11,d5cea6c82cc04e2ca6fcf18a94493419,tungsten,production-output,1,1.0,1.0
